abs_observed_ordered_shift,aligned_observed_shift,comparison_a,comparison_b,domain,expected_a,expected_b,expected_shift,expected_shift_sign,observed_ordered_shift,observed_ordered_shift_sign,ordered_score_a,ordered_score_b,pair_id,predictor_a,predictor_b,predictor_shift,predictor_shift_sign,prompt_hash_a,prompt_hash_b,shift_direction_match,standard_a,standard_b,target,value
0.7759960553593125,0.7759960553593125,bath water,freezer air,temperature,cold,warm,2.0,positive,0.7759960553593125,positive,0.32817382963749975,1.1041698849968122,temp-v1_2-m010-bath_water-vs-freezer_air,-48.0,8.0,56.0,positive,b9f94ba83d595ceb,47245ab28440a761,1,38.0,-18.0,-10 degrees Celsius,-10.0
0.9330463455048112,0.9330463455048112,freezer air,freshly served tea,temperature,warm,cold,-2.0,negative,-0.9330463455048112,negative,1.1041698849968122,0.17112353949200104,temp-v1_2-m010-freezer_air-vs-freshly_served_tea,8.0,-90.0,-98.0,negative,47245ab28440a761,2d99f06a314331b2,1,-18.0,80.0,-10 degrees Celsius,-10.0
0.5921027737193574,0.5921027737193574,freezer air,swimming-pool water,temperature,warm,cold,-2.0,negative,-0.5921027737193574,negative,1.1041698849968122,0.5120671112774549,temp-v1_2-m010-freezer_air-vs-swimming_pool_water,8.0,-37.0,-45.0,negative,47245ab28440a761,3eab7ac890a170c4,1,-18.0,27.0,-10 degrees Celsius,-10.0
0.5067141372323587,0.5067141372323587,heated oven air,freezer air,temperature,cold,warm,2.0,positive,0.5067141372323587,positive,0.5974557477644535,1.1041698849968122,temp-v1_2-m010-heated_oven_air-vs-freezer_air,-190.0,8.0,198.0,positive,f84aad4f2dd5742e,47245ab28440a761,1,180.0,-18.0,-10 degrees Celsius,-10.0
0.5426119788685662,0.5426119788685662,room air,freezer air,temperature,cold,warm,2.0,positive,0.5426119788685662,positive,0.5615579061282461,1.1041698849968122,temp-v1_2-m010-room_air-vs-freezer_air,-31.0,8.0,39.0,positive,4ec363c71d63e704,47245ab28440a761,1,21.0,-18.0,-10 degrees Celsius,-10.0
0.1038174330527934,-0.1038174330527934,bath water,freezer air,temperature,cold,cool,1.0,positive,-0.1038174330527934,negative,0.3605988400557633,0.2567814070029699,temp-v1_2-m030-bath_water-vs-freezer_air,-68.0,-12.0,56.0,positive,e10a81cc7e551ff5,4661a5b3e012bc3c,0,38.0,-18.0,-30 degrees Celsius,-30.0
0.16819538488138522,0.16819538488138522,freezer air,freshly served tea,temperature,cool,cold,-1.0,negative,-0.16819538488138522,negative,0.2567814070029699,0.0885860221215847,temp-v1_2-m030-freezer_air-vs-freshly_served_tea,-12.0,-110.0,-98.0,negative,4661a5b3e012bc3c,d22da3a067f3a38a,1,-18.0,80.0,-30 degrees Celsius,-30.0
0.038225662036638935,0.038225662036638935,freezer air,heated oven air,temperature,cool,cold,-1.0,negative,-0.038225662036638935,negative,0.2567814070029699,0.21855574496633098,temp-v1_2-m030-freezer_air-vs-heated_oven_air,-12.0,-210.0,-198.0,negative,4661a5b3e012bc3c,f2cb2d8a0082f3fd,1,-18.0,180.0,-30 degrees Celsius,-30.0
0.10435099403392101,-0.10435099403392101,room air,freezer air,temperature,cold,cool,1.0,positive,-0.10435099403392101,negative,0.3611324010368909,0.2567814070029699,temp-v1_2-m030-room_air-vs-freezer_air,-51.0,-12.0,39.0,positive,3b6b58b77f32bf8b,4661a5b3e012bc3c,0,21.0,-18.0,-30 degrees Celsius,-30.0
0.04578309571691863,-0.04578309571691863,swimming-pool water,freezer air,temperature,cold,cool,1.0,positive,-0.04578309571691863,negative,0.30256450271988855,0.2567814070029699,temp-v1_2-m030-swimming_pool_water-vs-freezer_air,-57.0,-12.0,45.0,positive,bd8eca9299b35aff,4661a5b3e012bc3c,0,27.0,-18.0,-30 degrees Celsius,-30.0
1.08753009463643,1.08753009463643,freezer air,bath water,temperature,hot,cold,-3.0,negative,-1.08753009463643,negative,1.613184558354758,0.525654463718328,temp-v1_2-p005-freezer_air-vs-bath_water,23.0,-33.0,-56.0,negative,b4f39dd358dd9bc7,4a9032bbeccd8930,1,-18.0,38.0,5 degrees Celsius,5.0
1.0955477479104263,1.0955477479104263,freezer air,freshly served tea,temperature,hot,cold,-3.0,negative,-1.0955477479104263,negative,1.613184558354758,0.5176368104443315,temp-v1_2-p005-freezer_air-vs-freshly_served_tea,23.0,-75.0,-98.0,negative,b4f39dd358dd9bc7,2c9635bbf6c79aad,1,-18.0,80.0,5 degrees Celsius,5.0
0.8225695261231357,0.8225695261231357,freezer air,swimming-pool water,temperature,hot,cold,-3.0,negative,-0.8225695261231357,negative,1.613184558354758,0.7906150322316222,temp-v1_2-p005-freezer_air-vs-swimming_pool_water,23.0,-22.0,-45.0,negative,b4f39dd358dd9bc7,d38a3d3f0468c750,1,-18.0,27.0,5 degrees Celsius,5.0
0.5617720407012162,0.5617720407012162,freshly served tea,room air,temperature,cold,cool,1.0,positive,0.5617720407012162,positive,0.5176368104443315,1.0794088511455477,temp-v1_2-p005-freshly_served_tea-vs-room_air,-75.0,-16.0,59.0,positive,2c9635bbf6c79aad,4e520550b0a0eea5,1,80.0,21.0,5 degrees Celsius,5.0
0.5868570489261644,0.5868570489261644,heated oven air,freezer air,temperature,cold,hot,3.0,positive,0.5868570489261644,positive,1.0263275094285935,1.613184558354758,temp-v1_2-p005-heated_oven_air-vs-freezer_air,-175.0,23.0,198.0,positive,60477b1a9d25b06f,b4f39dd358dd9bc7,1,180.0,-18.0,5 degrees Celsius,5.0
0.5537543874272197,0.5537543874272197,room air,bath water,temperature,cool,cold,-1.0,negative,-0.5537543874272197,negative,1.0794088511455477,0.525654463718328,temp-v1_2-p005-room_air-vs-bath_water,-16.0,-33.0,-17.0,negative,4e520550b0a0eea5,4a9032bbeccd8930,1,21.0,38.0,5 degrees Celsius,5.0
0.5337757072092102,0.5337757072092102,room air,freezer air,temperature,cool,hot,2.0,positive,0.5337757072092102,positive,1.0794088511455477,1.613184558354758,temp-v1_2-p005-room_air-vs-freezer_air,-16.0,23.0,39.0,positive,4e520550b0a0eea5,b4f39dd358dd9bc7,1,21.0,-18.0,5 degrees Celsius,5.0
0.05308134171695422,0.05308134171695422,room air,heated oven air,temperature,cool,cold,-1.0,negative,-0.05308134171695422,negative,1.0794088511455477,1.0263275094285935,temp-v1_2-p005-room_air-vs-heated_oven_air,-16.0,-175.0,-159.0,negative,4e520550b0a0eea5,60477b1a9d25b06f,1,21.0,180.0,5 degrees Celsius,5.0
0.2887938189139255,0.2887938189139255,swimming-pool water,room air,temperature,cold,cool,1.0,positive,0.2887938189139255,positive,0.7906150322316222,1.0794088511455477,temp-v1_2-p005-swimming_pool_water-vs-room_air,-22.0,-16.0,6.0,positive,d38a3d3f0468c750,4e520550b0a0eea5,1,27.0,21.0,5 degrees Celsius,5.0
0.9810287317393244,0.9810287317393244,bath water,freezer air,temperature,cold,hot,3.0,positive,0.9810287317393244,positive,0.3311839230462862,1.3122126547856106,temp-v1_2-p015-bath_water-vs-freezer_air,-23.0,33.0,56.0,positive,4977e50843bb7bb3,4c65756d1a19e71e,1,38.0,-18.0,15 degrees Celsius,15.0
0.194188498701781,0.194188498701781,bath water,swimming-pool water,temperature,cold,cool,1.0,positive,0.194188498701781,positive,0.3311839230462862,0.5253724217480672,temp-v1_2-p015-bath_water-vs-swimming_pool_water,-23.0,-12.0,11.0,positive,4977e50843bb7bb3,433a44ff33405d27,1,38.0,27.0,15 degrees Celsius,15.0
0.31976543248179,0.31976543248179,freezer air,room air,temperature,hot,cool,-2.0,negative,-0.31976543248179,negative,1.3122126547856106,0.9924472223038205,temp-v1_2-p015-freezer_air-vs-room_air,33.0,-6.0,-39.0,negative,4c65756d1a19e71e,589eebe245e26f66,1,-18.0,21.0,15 degrees Celsius,15.0
0.8590340051761354,0.8590340051761354,freshly served tea,freezer air,temperature,cold,hot,3.0,positive,0.8590340051761354,positive,0.4531786496094752,1.3122126547856106,temp-v1_2-p015-freshly_served_tea-vs-freezer_air,-65.0,33.0,98.0,positive,f41fc7269a8eafa0,4c65756d1a19e71e,1,80.0,-18.0,15 degrees Celsius,15.0
0.5392685726943454,0.5392685726943454,freshly served tea,room air,temperature,cold,cool,1.0,positive,0.5392685726943454,positive,0.4531786496094752,0.9924472223038205,temp-v1_2-p015-freshly_served_tea-vs-room_air,-65.0,-6.0,59.0,positive,f41fc7269a8eafa0,589eebe245e26f66,1,80.0,21.0,15 degrees Celsius,15.0
0.43850371125754195,0.43850371125754195,heated oven air,freezer air,temperature,cold,hot,3.0,positive,0.43850371125754195,positive,0.8737089435280686,1.3122126547856106,temp-v1_2-p015-heated_oven_air-vs-freezer_air,-165.0,33.0,198.0,positive,78ab8525d5525d9e,4c65756d1a19e71e,1,180.0,-18.0,15 degrees Celsius,15.0
0.6612632992575344,0.6612632992575344,room air,bath water,temperature,cool,cold,-1.0,negative,-0.6612632992575344,negative,0.9924472223038205,0.3311839230462862,temp-v1_2-p015-room_air-vs-bath_water,-6.0,-23.0,-17.0,negative,589eebe245e26f66,4977e50843bb7bb3,1,21.0,38.0,15 degrees Celsius,15.0
0.11873827877575194,0.11873827877575194,room air,heated oven air,temperature,cool,cold,-1.0,negative,-0.11873827877575194,negative,0.9924472223038205,0.8737089435280686,temp-v1_2-p015-room_air-vs-heated_oven_air,-6.0,-165.0,-159.0,negative,589eebe245e26f66,78ab8525d5525d9e,1,21.0,180.0,15 degrees Celsius,15.0
0.7868402330375434,0.7868402330375434,swimming-pool water,freezer air,temperature,cool,hot,2.0,positive,0.7868402330375434,positive,0.5253724217480672,1.3122126547856106,temp-v1_2-p015-swimming_pool_water-vs-freezer_air,-12.0,33.0,45.0,positive,433a44ff33405d27,4c65756d1a19e71e,1,27.0,-18.0,15 degrees Celsius,15.0
0.07219377213859202,0.07219377213859202,swimming-pool water,freshly served tea,temperature,cool,cold,-1.0,negative,-0.07219377213859202,negative,0.5253724217480672,0.4531786496094752,temp-v1_2-p015-swimming_pool_water-vs-freshly_served_tea,-12.0,-65.0,-53.0,negative,433a44ff33405d27,f41fc7269a8eafa0,1,27.0,80.0,15 degrees Celsius,15.0
0.3483365217800014,-0.3483365217800014,swimming-pool water,heated oven air,temperature,cool,cold,-1.0,negative,0.3483365217800014,positive,0.5253724217480672,0.8737089435280686,temp-v1_2-p015-swimming_pool_water-vs-heated_oven_air,-12.0,-165.0,-153.0,negative,433a44ff33405d27,78ab8525d5525d9e,0,27.0,180.0,15 degrees Celsius,15.0
1.137979326535739,1.137979326535739,bath water,freezer air,temperature,cool,hot,2.0,positive,1.137979326535739,positive,0.5637226678212918,1.7017019943570308,temp-v1_2-p025-bath_water-vs-freezer_air,-13.0,43.0,56.0,positive,33a4937c0708b8ad,f04353d39056d012,1,38.0,-18.0,25 degrees Celsius,25.0
0.38271812014582796,-0.38271812014582796,bath water,heated oven air,temperature,cool,cold,-1.0,negative,0.38271812014582796,positive,0.5637226678212918,0.9464407879671197,temp-v1_2-p025-bath_water-vs-heated_oven_air,-13.0,-155.0,-142.0,negative,33a4937c0708b8ad,22e1be95806a89d1,0,38.0,180.0,25 degrees Celsius,25.0
1.591570502251888,1.591570502251888,bath water,room air,temperature,cool,warm,1.0,positive,1.591570502251888,positive,0.5637226678212918,2.15529317007318,temp-v1_2-p025-bath_water-vs-room_air,-13.0,4.0,17.0,positive,33a4937c0708b8ad,64dc9fb3b69342fe,1,38.0,21.0,25 degrees Celsius,25.0
0.18286681262680082,-0.18286681262680082,freshly served tea,bath water,temperature,cold,cool,1.0,positive,-0.18286681262680082,negative,0.7465894804480926,0.5637226678212918,temp-v1_2-p025-freshly_served_tea-vs-bath_water,-55.0,-13.0,42.0,positive,9d754b440f793abb,33a4937c0708b8ad,0,80.0,38.0,25 degrees Celsius,25.0
0.9551125139089383,0.9551125139089383,freshly served tea,freezer air,temperature,cold,hot,3.0,positive,0.9551125139089383,positive,0.7465894804480926,1.7017019943570308,temp-v1_2-p025-freshly_served_tea-vs-freezer_air,-55.0,43.0,98.0,positive,9d754b440f793abb,f04353d39056d012,1,80.0,-18.0,25 degrees Celsius,25.0
1.4087036896250873,1.4087036896250873,freshly served tea,room air,temperature,cold,warm,2.0,positive,1.4087036896250873,positive,0.7465894804480926,2.15529317007318,temp-v1_2-p025-freshly_served_tea-vs-room_air,-55.0,4.0,59.0,positive,9d754b440f793abb,64dc9fb3b69342fe,1,80.0,21.0,25 degrees Celsius,25.0
0.7552612063899111,0.7552612063899111,heated oven air,freezer air,temperature,cold,hot,3.0,positive,0.7552612063899111,positive,0.9464407879671197,1.7017019943570308,temp-v1_2-p025-heated_oven_air-vs-freezer_air,-155.0,43.0,198.0,positive,22e1be95806a89d1,f04353d39056d012,1,180.0,-18.0,25 degrees Celsius,25.0
1.2088523821060602,1.2088523821060602,heated oven air,room air,temperature,cold,warm,2.0,positive,1.2088523821060602,positive,0.9464407879671197,2.15529317007318,temp-v1_2-p025-heated_oven_air-vs-room_air,-155.0,4.0,159.0,positive,22e1be95806a89d1,64dc9fb3b69342fe,1,180.0,21.0,25 degrees Celsius,25.0
0.45359117571614904,-0.45359117571614904,room air,freezer air,temperature,warm,hot,1.0,positive,-0.45359117571614904,negative,2.15529317007318,1.7017019943570308,temp-v1_2-p025-room_air-vs-freezer_air,4.0,43.0,39.0,positive,64dc9fb3b69342fe,f04353d39056d012,0,21.0,-18.0,25 degrees Celsius,25.0
0.8556216771061939,0.8556216771061939,freezer air,freshly served tea,temperature,hot,cold,-3.0,negative,-0.8556216771061939,negative,1.7120711158904727,0.8564494387842788,temp-v1_2-p035-freezer_air-vs-freshly_served_tea,53.0,-45.0,-98.0,negative,0d3887ba948b1f61,050816ece94f1495,1,-18.0,80.0,35 degrees Celsius,35.0
0.8391079929792556,0.8391079929792556,freezer air,heated oven air,temperature,hot,cold,-3.0,negative,-0.8391079929792556,negative,1.7120711158904727,0.872963122911217,temp-v1_2-p035-freezer_air-vs-heated_oven_air,53.0,-145.0,-198.0,negative,0d3887ba948b1f61,bdac963c016156c9,1,-18.0,180.0,35 degrees Celsius,35.0
0.35064283509363836,-0.35064283509363836,freezer air,room air,temperature,hot,warm,-1.0,negative,0.35064283509363836,positive,1.7120711158904727,2.062713950984111,temp-v1_2-p035-freezer_air-vs-room_air,53.0,14.0,-39.0,negative,0d3887ba948b1f61,b743d0a9494eaeef,0,-18.0,21.0,35 degrees Celsius,35.0
1.2062645121998323,1.2062645121998323,freshly served tea,room air,temperature,cold,warm,2.0,positive,1.2062645121998323,positive,0.8564494387842788,2.062713950984111,temp-v1_2-p035-freshly_served_tea-vs-room_air,-45.0,14.0,59.0,positive,050816ece94f1495,b743d0a9494eaeef,1,80.0,21.0,35 degrees Celsius,35.0
1.189750828072894,1.189750828072894,heated oven air,room air,temperature,cold,warm,2.0,positive,1.189750828072894,positive,0.872963122911217,2.062713950984111,temp-v1_2-p035-heated_oven_air-vs-room_air,-145.0,14.0,159.0,positive,bdac963c016156c9,b743d0a9494eaeef,1,180.0,21.0,35 degrees Celsius,35.0
1.2262125301341418,1.2262125301341418,heated oven air,swimming-pool water,temperature,cold,warm,2.0,positive,1.2262125301341418,positive,0.872963122911217,2.099175653045359,temp-v1_2-p035-heated_oven_air-vs-swimming_pool_water,-145.0,8.0,153.0,positive,bdac963c016156c9,0f340cfe0ead2bcd,1,180.0,27.0,35 degrees Celsius,35.0
0.38710453715488624,-0.38710453715488624,swimming-pool water,freezer air,temperature,warm,hot,1.0,positive,-0.38710453715488624,negative,2.099175653045359,1.7120711158904727,temp-v1_2-p035-swimming_pool_water-vs-freezer_air,8.0,53.0,45.0,positive,0f340cfe0ead2bcd,0d3887ba948b1f61,0,27.0,-18.0,35 degrees Celsius,35.0
1.2427262142610802,1.2427262142610802,swimming-pool water,freshly served tea,temperature,warm,cold,-2.0,negative,-1.2427262142610802,negative,2.099175653045359,0.8564494387842788,temp-v1_2-p035-swimming_pool_water-vs-freshly_served_tea,8.0,-45.0,-53.0,negative,0f340cfe0ead2bcd,050816ece94f1495,1,27.0,80.0,35 degrees Celsius,35.0
0.9522587980437773,0.9522587980437773,bath water,freshly served tea,temperature,warm,cold,-2.0,negative,-0.9522587980437773,negative,1.8813618302607762,0.9291030322169989,temp-v1_2-p045-bath_water-vs-freshly_served_tea,7.0,-35.0,-42.0,negative,41ce5834e370eb8b,bf4e6e5026526e9f,1,38.0,80.0,45 degrees Celsius,45.0
0.8793227811536406,0.8793227811536406,bath water,heated oven air,temperature,warm,cold,-2.0,negative,-0.8793227811536406,negative,1.8813618302607762,1.0020390491071356,temp-v1_2-p045-bath_water-vs-heated_oven_air,7.0,-135.0,-142.0,negative,41ce5834e370eb8b,dbf1b74d94896e01,1,38.0,180.0,45 degrees Celsius,45.0
0.06636051451601976,-0.06636051451601976,freezer air,bath water,temperature,hot,warm,-1.0,negative,0.06636051451601976,positive,1.8150013157447564,1.8813618302607762,temp-v1_2-p045-freezer_air-vs-bath_water,63.0,7.0,-56.0,negative,db93f8141b77ebd6,41ce5834e370eb8b,0,-18.0,38.0,45 degrees Celsius,45.0
0.2183660315187923,-0.2183660315187923,freezer air,swimming-pool water,temperature,hot,warm,-1.0,negative,0.2183660315187923,positive,1.8150013157447564,2.0333673472635487,temp-v1_2-p045-freezer_air-vs-swimming_pool_water,63.0,18.0,-45.0,negative,db93f8141b77ebd6,378e5419345d0236,0,-18.0,27.0,45 degrees Celsius,45.0
0.8858982835277576,0.8858982835277576,freshly served tea,freezer air,temperature,cold,hot,3.0,positive,0.8858982835277576,positive,0.9291030322169989,1.8150013157447564,temp-v1_2-p045-freshly_served_tea-vs-freezer_air,-35.0,63.0,98.0,positive,bf4e6e5026526e9f,db93f8141b77ebd6,1,80.0,-18.0,45 degrees Celsius,45.0
1.2952881449813711,1.2952881449813711,freshly served tea,room air,temperature,cold,hot,3.0,positive,1.2952881449813711,positive,0.9291030322169989,2.22439117719837,temp-v1_2-p045-freshly_served_tea-vs-room_air,-35.0,24.0,59.0,positive,bf4e6e5026526e9f,4d91a8c037233497,1,80.0,21.0,45 degrees Celsius,45.0
0.8129622666376208,0.8129622666376208,heated oven air,freezer air,temperature,cold,hot,3.0,positive,0.8129622666376208,positive,1.0020390491071356,1.8150013157447564,temp-v1_2-p045-heated_oven_air-vs-freezer_air,-135.0,63.0,198.0,positive,dbf1b74d94896e01,db93f8141b77ebd6,1,180.0,-18.0,45 degrees Celsius,45.0
1.2223521280912344,1.2223521280912344,heated oven air,room air,temperature,cold,hot,3.0,positive,1.2223521280912344,positive,1.0020390491071356,2.22439117719837,temp-v1_2-p045-heated_oven_air-vs-room_air,-135.0,24.0,159.0,positive,dbf1b74d94896e01,4d91a8c037233497,1,180.0,21.0,45 degrees Celsius,45.0
1.0313282981564131,1.0313282981564131,heated oven air,swimming-pool water,temperature,cold,warm,2.0,positive,1.0313282981564131,positive,1.0020390491071356,2.0333673472635487,temp-v1_2-p045-heated_oven_air-vs-swimming_pool_water,-135.0,18.0,153.0,positive,dbf1b74d94896e01,378e5419345d0236,1,180.0,27.0,45 degrees Celsius,45.0
0.3430293469375938,0.3430293469375938,room air,bath water,temperature,hot,warm,-1.0,negative,-0.3430293469375938,negative,2.22439117719837,1.8813618302607762,temp-v1_2-p045-room_air-vs-bath_water,24.0,7.0,-17.0,negative,4d91a8c037233497,41ce5834e370eb8b,1,21.0,38.0,45 degrees Celsius,45.0
1.1042643150465499,1.1042643150465499,swimming-pool water,freshly served tea,temperature,warm,cold,-2.0,negative,-1.1042643150465499,negative,2.0333673472635487,0.9291030322169989,temp-v1_2-p045-swimming_pool_water-vs-freshly_served_tea,18.0,-35.0,-53.0,negative,378e5419345d0236,bf4e6e5026526e9f,1,27.0,80.0,45 degrees Celsius,45.0
0.19102382993482125,0.19102382993482125,swimming-pool water,room air,temperature,warm,hot,1.0,positive,0.19102382993482125,positive,2.0333673472635487,2.22439117719837,temp-v1_2-p045-swimming_pool_water-vs-room_air,18.0,24.0,6.0,positive,378e5419345d0236,4d91a8c037233497,1,27.0,21.0,45 degrees Celsius,45.0
1.0808690982336864,1.0808690982336864,bath water,freshly served tea,temperature,warm,cold,-2.0,negative,-1.0808690982336864,negative,1.839607309887378,0.7587382116536917,temp-v1_2-p055-bath_water-vs-freshly_served_tea,17.0,-25.0,-42.0,negative,c34d5ecf30a43cef,afc6001d1ade617a,1,38.0,80.0,55 degrees Celsius,55.0
0.13782818972489208,0.13782818972489208,bath water,swimming-pool water,temperature,warm,hot,1.0,positive,0.13782818972489208,positive,1.839607309887378,1.97743549961227,temp-v1_2-p055-bath_water-vs-swimming_pool_water,17.0,28.0,11.0,positive,c34d5ecf30a43cef,daac4377e14cb7cb,1,38.0,27.0,55 degrees Celsius,55.0
0.005067318496292161,0.005067318496292161,freezer air,bath water,temperature,hot,warm,-1.0,negative,-0.005067318496292161,negative,1.8446746283836701,1.839607309887378,temp-v1_2-p055-freezer_air-vs-bath_water,73.0,17.0,-56.0,negative,2a2615bbae9a162e,c34d5ecf30a43cef,1,-18.0,38.0,55 degrees Celsius,55.0
1.0859364167299783,1.0859364167299783,freezer air,freshly served tea,temperature,hot,cold,-3.0,negative,-1.0859364167299783,negative,1.8446746283836701,0.7587382116536917,temp-v1_2-p055-freezer_air-vs-freshly_served_tea,73.0,-25.0,-98.0,negative,2a2615bbae9a162e,afc6001d1ade617a,1,-18.0,80.0,55 degrees Celsius,55.0
1.2186972879585785,1.2186972879585785,freshly served tea,swimming-pool water,temperature,cold,hot,3.0,positive,1.2186972879585785,positive,0.7587382116536917,1.97743549961227,temp-v1_2-p055-freshly_served_tea-vs-swimming_pool_water,-25.0,28.0,53.0,positive,afc6001d1ade617a,daac4377e14cb7cb,1,80.0,27.0,55 degrees Celsius,55.0
0.9624585477756473,0.9624585477756473,heated oven air,bath water,temperature,cold,warm,2.0,positive,0.9624585477756473,positive,0.8771487621117307,1.839607309887378,temp-v1_2-p055-heated_oven_air-vs-bath_water,-125.0,17.0,142.0,positive,991abf4a1ce6d0d8,c34d5ecf30a43cef,1,180.0,38.0,55 degrees Celsius,55.0
0.9675258662719395,0.9675258662719395,heated oven air,freezer air,temperature,cold,hot,3.0,positive,0.9675258662719395,positive,0.8771487621117307,1.8446746283836701,temp-v1_2-p055-heated_oven_air-vs-freezer_air,-125.0,73.0,198.0,positive,991abf4a1ce6d0d8,2a2615bbae9a162e,1,180.0,-18.0,55 degrees Celsius,55.0
0.13828679520462916,0.13828679520462916,room air,bath water,temperature,hot,warm,-1.0,negative,-0.13828679520462916,negative,1.9778941050920071,1.839607309887378,temp-v1_2-p055-room_air-vs-bath_water,34.0,17.0,-17.0,negative,316a83b6059b815d,c34d5ecf30a43cef,1,21.0,38.0,55 degrees Celsius,55.0
1.2191558934383155,1.2191558934383155,room air,freshly served tea,temperature,hot,cold,-3.0,negative,-1.2191558934383155,negative,1.9778941050920071,0.7587382116536917,temp-v1_2-p055-room_air-vs-freshly_served_tea,34.0,-25.0,-59.0,negative,316a83b6059b815d,afc6001d1ade617a,1,21.0,80.0,55 degrees Celsius,55.0
1.1007453429802765,1.1007453429802765,room air,heated oven air,temperature,hot,cold,-3.0,negative,-1.1007453429802765,negative,1.9778941050920071,0.8771487621117307,temp-v1_2-p055-room_air-vs-heated_oven_air,34.0,-125.0,-159.0,negative,316a83b6059b815d,991abf4a1ce6d0d8,1,21.0,180.0,55 degrees Celsius,55.0
1.1002867375005394,1.1002867375005394,swimming-pool water,heated oven air,temperature,hot,cold,-3.0,negative,-1.1002867375005394,negative,1.97743549961227,0.8771487621117307,temp-v1_2-p055-swimming_pool_water-vs-heated_oven_air,28.0,-125.0,-153.0,negative,daac4377e14cb7cb,991abf4a1ce6d0d8,1,27.0,180.0,55 degrees Celsius,55.0
0.20031776097404208,-0.20031776097404208,bath water,freshly served tea,temperature,hot,warm,-1.0,negative,0.20031776097404208,positive,2.1227555419547888,2.323073302928831,temp-v1_2-p085-bath_water-vs-freshly_served_tea,47.0,5.0,-42.0,negative,c87602ff76477b37,ae06cc763c47dd5a,0,38.0,80.0,85 degrees Celsius,85.0
0.4844511789031325,-0.4844511789031325,freezer air,freshly served tea,temperature,hot,warm,-1.0,negative,0.4844511789031325,positive,1.8386221240256984,2.323073302928831,temp-v1_2-p085-freezer_air-vs-freshly_served_tea,103.0,5.0,-98.0,negative,29b39cd330b601f4,ae06cc763c47dd5a,0,-18.0,80.0,85 degrees Celsius,85.0
0.15263561897041322,0.15263561897041322,freezer air,heated oven air,temperature,hot,cold,-3.0,negative,-0.15263561897041322,negative,1.8386221240256984,1.6859865050552851,temp-v1_2-p085-freezer_air-vs-heated_oven_air,103.0,-95.0,-198.0,negative,29b39cd330b601f4,80b8d8b87c9d65c8,1,-18.0,180.0,85 degrees Celsius,85.0
0.03794662007378635,-0.03794662007378635,freshly served tea,room air,temperature,warm,hot,1.0,positive,-0.03794662007378635,negative,2.323073302928831,2.2851266828550445,temp-v1_2-p085-freshly_served_tea-vs-room_air,5.0,64.0,59.0,positive,ae06cc763c47dd5a,bc9b39da98b8f298,0,80.0,21.0,85 degrees Celsius,85.0
0.43676903689950364,0.43676903689950364,heated oven air,bath water,temperature,cold,hot,3.0,positive,0.43676903689950364,positive,1.6859865050552851,2.1227555419547888,temp-v1_2-p085-heated_oven_air-vs-bath_water,-95.0,47.0,142.0,positive,80b8d8b87c9d65c8,c87602ff76477b37,1,180.0,38.0,85 degrees Celsius,85.0
0.6370867978735457,0.6370867978735457,heated oven air,freshly served tea,temperature,cold,warm,2.0,positive,0.6370867978735457,positive,1.6859865050552851,2.323073302928831,temp-v1_2-p085-heated_oven_air-vs-freshly_served_tea,-95.0,5.0,100.0,positive,80b8d8b87c9d65c8,ae06cc763c47dd5a,1,180.0,80.0,85 degrees Celsius,85.0
0.5991401777997594,0.5991401777997594,room air,heated oven air,temperature,hot,cold,-3.0,negative,-0.5991401777997594,negative,2.2851266828550445,1.6859865050552851,temp-v1_2-p085-room_air-vs-heated_oven_air,64.0,-95.0,-159.0,negative,bc9b39da98b8f298,80b8d8b87c9d65c8,1,21.0,180.0,85 degrees Celsius,85.0
0.10871652592679126,0.10871652592679126,swimming-pool water,freshly served tea,temperature,hot,warm,-1.0,negative,-0.10871652592679126,negative,2.431789828855622,2.323073302928831,temp-v1_2-p085-swimming_pool_water-vs-freshly_served_tea,58.0,5.0,-53.0,negative,8b3029de2cd98cda,ae06cc763c47dd5a,1,27.0,80.0,85 degrees Celsius,85.0
0.745803323800337,0.745803323800337,swimming-pool water,heated oven air,temperature,hot,cold,-3.0,negative,-0.745803323800337,negative,2.431789828855622,1.6859865050552851,temp-v1_2-p085-swimming_pool_water-vs-heated_oven_air,58.0,-95.0,-153.0,negative,8b3029de2cd98cda,80b8d8b87c9d65c8,1,27.0,180.0,85 degrees Celsius,85.0
0.445362186763957,0.445362186763957,freshly served tea,heated oven air,temperature,hot,cold,-3.0,negative,-0.445362186763957,negative,1.6032151017498837,1.1578529149859267,temp-v1_2-p120-freshly_served_tea-vs-heated_oven_air,40.0,-60.0,-100.0,negative,38279d188efed550,b98a27a96de81638,1,80.0,180.0,120 degrees Celsius,120.0
0.7986306245264874,0.7986306245264874,heated oven air,bath water,temperature,cold,hot,3.0,positive,0.7986306245264874,positive,1.1578529149859267,1.956483539512414,temp-v1_2-p120-heated_oven_air-vs-bath_water,-60.0,82.0,142.0,positive,b98a27a96de81638,ccb130fb2426ae54,1,180.0,38.0,120 degrees Celsius,120.0
0.6806430112568234,0.6806430112568234,heated oven air,freezer air,temperature,cold,hot,3.0,positive,0.6806430112568234,positive,1.1578529149859267,1.83849592624275,temp-v1_2-p120-heated_oven_air-vs-freezer_air,-60.0,138.0,198.0,positive,b98a27a96de81638,963d26229a87debc,1,180.0,-18.0,120 degrees Celsius,120.0
1.171057011281711,1.171057011281711,heated oven air,room air,temperature,cold,hot,3.0,positive,1.171057011281711,positive,1.1578529149859267,2.3289099262676376,temp-v1_2-p120-heated_oven_air-vs-room_air,-60.0,99.0,159.0,positive,b98a27a96de81638,e99b27e56f5515f1,1,180.0,21.0,120 degrees Celsius,120.0
1.1030338478720143,1.1030338478720143,swimming-pool water,heated oven air,temperature,hot,cold,-3.0,negative,-1.1030338478720143,negative,2.260886762857941,1.1578529149859267,temp-v1_2-p120-swimming_pool_water-vs-heated_oven_air,93.0,-60.0,-153.0,negative,860b781b0e07da07,b98a27a96de81638,1,27.0,180.0,120 degrees Celsius,120.0
0.41074675089440627,0.41074675089440627,a house mouse,an ant,size,tiny,huge,3.0,positive,0.41074675089440627,positive,0.9497432873707374,1.3604900382651437,size-v1_2-p0003-a_house_mouse-vs-an_ant,-1.0986122886681098,1.0986122886681098,2.1972245773362196,positive,633fbc759510ff40,a7a4bd229a52f57a,1,9.0,1.0,3 centimeters,3.0
0.28815848322824067,0.28815848322824067,an adult human,an ant,size,tiny,huge,3.0,positive,0.28815848322824067,positive,1.072331555036903,1.3604900382651437,size-v1_2-p0003-an_adult_human-vs-an_ant,-4.037186148382152,1.0986122886681098,5.135798437050262,positive,acd1569ad2962b81,a7a4bd229a52f57a,1,170.0,1.0,3 centimeters,3.0
0.38219577712000175,0.38219577712000175,an ant,a domestic cat,size,huge,tiny,-3.0,negative,-0.38219577712000175,negative,1.3604900382651437,0.978294261145142,size-v1_2-p0003-an_ant-vs-a_domestic_cat,1.0986122886681098,-2.7300291078209855,-3.828641396489095,negative,a7a4bd229a52f57a,26ba33453d73d8a6,1,1.0,46.0,3 centimeters,3.0
0.22209261341904374,0.22209261341904374,an ant,a labrador dog,size,huge,tiny,-3.0,negative,-0.22209261341904374,negative,1.3604900382651437,1.1383974248461,size-v1_2-p0003-an_ant-vs-a_labrador_dog,1.0986122886681098,-2.995732273553991,-4.0943445622221,negative,a7a4bd229a52f57a,f35937fdfee08f68,1,1.0,60.0,3 centimeters,3.0
0.31278135384959316,0.31278135384959316,an ant,an african elephant,size,huge,tiny,-3.0,negative,-0.31278135384959316,negative,1.3604900382651437,1.0477086844155505,size-v1_2-p0003-an_ant-vs-an_african_elephant,1.0986122886681098,-4.75932086581535,-5.85793315448346,negative,a7a4bd229a52f57a,bf4d7e4b7b95ce40,1,1.0,350.0,3 centimeters,3.0
0.22462621552120088,0.22462621552120088,a domestic cat,an ant,size,tiny,huge,3.0,positive,0.22462621552120088,positive,1.0956773191989002,1.320303534720101,size-v1_2-p0008-a_domestic_cat-vs-an_ant,-1.749199854809259,2.0794415416798357,3.828641396489095,positive,164e2730a5194377,53bf86a9d7eb5e68,1,46.0,1.0,8 centimeters,8.0
0.20869587631947928,0.20869587631947928,an ant,a labrador dog,size,huge,tiny,-3.0,negative,-0.20869587631947928,negative,1.320303534720101,1.1116076584006218,size-v1_2-p0008-an_ant-vs-a_labrador_dog,2.0794415416798357,-2.0149030205422647,-4.0943445622221,negative,53bf86a9d7eb5e68,e93f9b8c3153139f,1,1.0,60.0,8 centimeters,8.0
0.32446472895303313,0.32446472895303313,an ant,an adult human,size,huge,tiny,-3.0,negative,-0.32446472895303313,negative,1.320303534720101,0.995838805767068,size-v1_2-p0008-an_ant-vs-an_adult_human,2.0794415416798357,-3.056356895370426,-5.135798437050262,negative,53bf86a9d7eb5e68,1c8d0328617c23ca,1,1.0,170.0,8 centimeters,8.0
0.35349202749853825,0.35349202749853825,an ant,an african elephant,size,huge,tiny,-3.0,negative,-0.35349202749853825,negative,1.320303534720101,0.9668115072215628,size-v1_2-p0008-an_ant-vs-an_african_elephant,2.0794415416798357,-3.7784916128036232,-5.857933154483459,negative,53bf86a9d7eb5e68,0e300c99dcd377f4,1,1.0,350.0,8 centimeters,8.0
0.044425643464016895,0.044425643464016895,a domestic cat,a house mouse,size,tiny,large,2.0,positive,0.044425643464016895,positive,1.0356749183716785,1.0801005618356954,size-v1_2-p0015-a_domestic_cat-vs-a_house_mouse,-1.120591195386885,0.5108256237659907,1.6314168191528757,positive,11d2b40958ccf604,d1648e9fd23c44fd,1,46.0,9.0,15 centimeters,15.0
0.3130333085927921,0.3130333085927921,a domestic cat,an ant,size,tiny,huge,3.0,positive,0.3130333085927921,positive,1.0356749183716785,1.3487082269644706,size-v1_2-p0015-a_domestic_cat-vs-an_ant,-1.120591195386885,2.70805020110221,3.828641396489095,positive,11d2b40958ccf604,dc50b4fcee00910b,1,46.0,1.0,15 centimeters,15.0
0.2686076651287752,0.2686076651287752,a house mouse,an ant,size,large,huge,1.0,positive,0.2686076651287752,positive,1.0801005618356954,1.3487082269644706,size-v1_2-p0015-a_house_mouse-vs-an_ant,0.5108256237659907,2.70805020110221,2.197224577336219,positive,d1648e9fd23c44fd,dc50b4fcee00910b,1,9.0,1.0,15 centimeters,15.0
0.005350500687895998,-0.005350500687895998,a labrador dog,a house mouse,size,tiny,large,2.0,positive,-0.005350500687895998,negative,1.0854510625235914,1.0801005618356954,size-v1_2-p0015-a_labrador_dog-vs-a_house_mouse,-1.3862943611198906,0.5108256237659907,1.8971199848858813,positive,828c7f03d8d681c3,d1648e9fd23c44fd,0,60.0,9.0,15 centimeters,15.0
0.2632571644408792,0.2632571644408792,a labrador dog,an ant,size,tiny,huge,3.0,positive,0.2632571644408792,positive,1.0854510625235914,1.3487082269644706,size-v1_2-p0015-a_labrador_dog-vs-an_ant,-1.3862943611198906,2.70805020110221,4.0943445622221,positive,828c7f03d8d681c3,dc50b4fcee00910b,1,60.0,1.0,15 centimeters,15.0
0.13846126142298554,0.13846126142298554,an adult human,a house mouse,size,tiny,large,2.0,positive,0.13846126142298554,positive,0.9416393004127098,1.0801005618356954,size-v1_2-p0015-an_adult_human-vs-a_house_mouse,-2.4277482359480516,0.5108256237659907,2.938573859714042,positive,0ca03136e0bcf54b,d1648e9fd23c44fd,1,170.0,9.0,15 centimeters,15.0
0.11055668027776722,0.11055668027776722,an african elephant,a house mouse,size,tiny,large,2.0,positive,0.11055668027776722,positive,0.9695438815579281,1.0801005618356954,size-v1_2-p0015-an_african_elephant-vs-a_house_mouse,-3.1498829533812494,0.5108256237659907,3.66070857714724,positive,a85bf76681ccc377,d1648e9fd23c44fd,1,350.0,9.0,15 centimeters,15.0
0.40706892655176075,0.40706892655176075,an ant,an adult human,size,huge,tiny,-3.0,negative,-0.40706892655176075,negative,1.3487082269644706,0.9416393004127098,size-v1_2-p0015-an_ant-vs-an_adult_human,2.70805020110221,-2.4277482359480516,-5.135798437050262,negative,dc50b4fcee00910b,0ca03136e0bcf54b,1,1.0,170.0,15 centimeters,15.0
0.3791643454065424,0.3791643454065424,an ant,an african elephant,size,huge,tiny,-3.0,negative,-0.3791643454065424,negative,1.3487082269644706,0.9695438815579281,size-v1_2-p0015-an_ant-vs-an_african_elephant,2.70805020110221,-3.1498829533812494,-5.85793315448346,negative,dc50b4fcee00910b,a85bf76681ccc377,1,1.0,350.0,15 centimeters,15.0
0.07701124723309638,-0.07701124723309638,a domestic cat,a labrador dog,size,small,tiny,-1.0,negative,0.07701124723309638,positive,1.0297079768751791,1.1067192241082755,size-v1_2-p0025-a_domestic_cat-vs-a_labrador_dog,-0.6097655716208943,-0.8754687373538999,-0.26570316573300556,negative,e70466ef3a95fac8,6d825de29bed8989,0,46.0,60.0,25 centimeters,25.0
0.03635430783887661,-0.03635430783887661,a domestic cat,an adult human,size,small,tiny,-1.0,negative,0.03635430783887661,positive,1.0297079768751791,1.0660622847140557,size-v1_2-p0025-a_domestic_cat-vs-an_adult_human,-0.6097655716208943,-1.916922612182061,-1.3071570405611668,negative,e70466ef3a95fac8,46cbb6343285dc14,0,46.0,170.0,25 centimeters,25.0
0.062056674390396305,0.062056674390396305,a domestic cat,an african elephant,size,small,tiny,-1.0,negative,-0.062056674390396305,negative,1.0297079768751791,0.9676513024847828,size-v1_2-p0025-a_domestic_cat-vs-an_african_elephant,-0.6097655716208943,-2.639057329615259,-2.029291757994365,negative,e70466ef3a95fac8,ede40c7949856a24,1,46.0,350.0,25 centimeters,25.0
0.5983300548433088,0.5983300548433088,a domestic cat,an ant,size,small,huge,2.0,positive,0.5983300548433088,positive,1.0297079768751791,1.628038031718488,size-v1_2-p0025-a_domestic_cat-vs-an_ant,-0.6097655716208943,3.2188758248682006,3.828641396489095,positive,e70466ef3a95fac8,47b76786037e1c67,1,46.0,1.0,25 centimeters,25.0
0.17054368357265637,0.17054368357265637,a house mouse,a domestic cat,size,huge,small,-2.0,negative,-0.17054368357265637,negative,1.2002516604478355,1.0297079768751791,size-v1_2-p0025-a_house_mouse-vs-a_domestic_cat,1.0216512475319812,-0.6097655716208943,-1.6314168191528755,negative,8bb7a5526ed9480d,e70466ef3a95fac8,1,9.0,46.0,25 centimeters,25.0
0.09353243633955999,0.09353243633955999,a house mouse,a labrador dog,size,huge,tiny,-3.0,negative,-0.09353243633955999,negative,1.2002516604478355,1.1067192241082755,size-v1_2-p0025-a_house_mouse-vs-a_labrador_dog,1.0216512475319812,-0.8754687373538999,-1.897119984885881,negative,8bb7a5526ed9480d,6d825de29bed8989,1,9.0,60.0,25 centimeters,25.0
0.23260035796305267,0.23260035796305267,a house mouse,an african elephant,size,huge,tiny,-3.0,negative,-0.23260035796305267,negative,1.2002516604478355,0.9676513024847828,size-v1_2-p0025-a_house_mouse-vs-an_african_elephant,1.0216512475319812,-2.639057329615259,-3.66070857714724,negative,8bb7a5526ed9480d,ede40c7949856a24,1,9.0,350.0,25 centimeters,25.0
0.13418937573377976,0.13418937573377976,an adult human,a house mouse,size,tiny,huge,3.0,positive,0.13418937573377976,positive,1.0660622847140557,1.2002516604478355,size-v1_2-p0025-an_adult_human-vs-a_house_mouse,-1.916922612182061,1.0216512475319812,2.938573859714042,positive,46cbb6343285dc14,8bb7a5526ed9480d,1,170.0,9.0,25 centimeters,25.0
0.5619757470044322,0.5619757470044322,an adult human,an ant,size,tiny,huge,3.0,positive,0.5619757470044322,positive,1.0660622847140557,1.628038031718488,size-v1_2-p0025-an_adult_human-vs-an_ant,-1.916922612182061,3.2188758248682006,5.135798437050262,positive,46cbb6343285dc14,47b76786037e1c67,1,170.0,1.0,25 centimeters,25.0
0.6603867292337051,0.6603867292337051,an african elephant,an ant,size,tiny,huge,3.0,positive,0.6603867292337051,positive,0.9676513024847828,1.628038031718488,size-v1_2-p0025-an_african_elephant-vs-an_ant,-2.639057329615259,3.2188758248682006,5.85793315448346,positive,ede40c7949856a24,47b76786037e1c67,1,350.0,1.0,25 centimeters,25.0
0.5213188076102124,0.5213188076102124,an ant,a labrador dog,size,huge,tiny,-3.0,negative,-0.5213188076102124,negative,1.628038031718488,1.1067192241082755,size-v1_2-p0025-an_ant-vs-a_labrador_dog,3.2188758248682006,-0.8754687373538999,-4.0943445622221,negative,47b76786037e1c67,6d825de29bed8989,1,1.0,60.0,25 centimeters,25.0
0.05274681967875616,0.05274681967875616,a house mouse,a labrador dog,size,huge,small,-2.0,negative,-0.05274681967875616,negative,1.1308265776896713,1.0780797580109152,size-v1_2-p0040-a_house_mouse-vs-a_labrador_dog,1.491654876777717,-0.40546510810816444,-1.8971199848858813,negative,2c384efe908728d3,974b911d89077f29,1,9.0,60.0,40 centimeters,40.0
0.1566150872563321,0.1566150872563321,a house mouse,an african elephant,size,huge,tiny,-3.0,negative,-0.1566150872563321,negative,1.1308265776896713,0.9742114904333392,size-v1_2-p0040-a_house_mouse-vs-an_african_elephant,1.491654876777717,-2.169053700369523,-3.66070857714724,negative,2c384efe908728d3,b0a91fa3e027d9b4,1,9.0,350.0,40 centimeters,40.0
0.07748213822847316,0.07748213822847316,an adult human,a house mouse,size,tiny,huge,3.0,positive,0.07748213822847316,positive,1.0533444394611982,1.1308265776896713,size-v1_2-p0040-an_adult_human-vs-a_house_mouse,-1.4469189829363254,1.491654876777717,2.938573859714042,positive,27d3eaf6182f6b0b,2c384efe908728d3,1,170.0,9.0,40 centimeters,40.0
0.024735318549717,0.024735318549717,an adult human,a labrador dog,size,tiny,small,1.0,positive,0.024735318549717,positive,1.0533444394611982,1.0780797580109152,size-v1_2-p0040-an_adult_human-vs-a_labrador_dog,-1.4469189829363254,-0.40546510810816444,1.041453874828161,positive,27d3eaf6182f6b0b,974b911d89077f29,1,170.0,60.0,40 centimeters,40.0
0.6746576844792682,0.6746576844792682,an adult human,an ant,size,tiny,huge,3.0,positive,0.6746576844792682,positive,1.0533444394611982,1.7280021239404664,size-v1_2-p0040-an_adult_human-vs-an_ant,-1.4469189829363254,3.6888794541139363,5.135798437050262,positive,27d3eaf6182f6b0b,ae8f0178163d2c32,1,170.0,1.0,40 centimeters,40.0
0.10386826757757595,0.10386826757757595,an african elephant,a labrador dog,size,tiny,small,1.0,positive,0.10386826757757595,positive,0.9742114904333392,1.0780797580109152,size-v1_2-p0040-an_african_elephant-vs-a_labrador_dog,-2.169053700369523,-0.40546510810816444,1.7635885922613588,positive,b0a91fa3e027d9b4,974b911d89077f29,1,350.0,60.0,40 centimeters,40.0
0.7537906335071272,0.7537906335071272,an african elephant,an ant,size,tiny,huge,3.0,positive,0.7537906335071272,positive,0.9742114904333392,1.7280021239404664,size-v1_2-p0040-an_african_elephant-vs-an_ant,-2.169053700369523,3.6888794541139363,5.85793315448346,positive,b0a91fa3e027d9b4,ae8f0178163d2c32,1,350.0,1.0,40 centimeters,40.0
0.6499223659295512,0.6499223659295512,an ant,a labrador dog,size,huge,small,-2.0,negative,-0.6499223659295512,negative,1.7280021239404664,1.0780797580109152,size-v1_2-p0040-an_ant-vs-a_labrador_dog,3.6888794541139363,-0.40546510810816444,-4.0943445622221,negative,ae8f0178163d2c32,974b911d89077f29,1,1.0,60.0,40 centimeters,40.0
0.24557107852497873,-0.24557107852497873,a domestic cat,a house mouse,size,large,huge,1.0,positive,-0.24557107852497873,negative,1.2739317122027536,1.0283606336777749,size-v1_2-p0060-a_domestic_cat-vs-a_house_mouse,0.2657031657330057,1.8971199848858813,1.6314168191528755,positive,6057f8684ffff508,2ad82dd50eee1ff6,0,46.0,9.0,60 centimeters,60.0
0.37273787529934754,0.37273787529934754,a domestic cat,an adult human,size,large,tiny,-2.0,negative,-0.37273787529934754,negative,1.2739317122027536,0.901193836903406,size-v1_2-p0060-a_domestic_cat-vs-an_adult_human,0.2657031657330057,-1.041453874828161,-1.3071570405611665,negative,6057f8684ffff508,b12533021c769364,1,46.0,170.0,60 centimeters,60.0
0.33388687280487184,0.33388687280487184,a domestic cat,an african elephant,size,large,tiny,-2.0,negative,-0.33388687280487184,negative,1.2739317122027536,0.9400448393978817,size-v1_2-p0060-a_domestic_cat-vs-an_african_elephant,0.2657031657330057,-1.7635885922613588,-2.0292917579943643,negative,6057f8684ffff508,bbbebc6b6ee58820,1,46.0,350.0,60 centimeters,60.0
0.12716679677436882,0.12716679677436882,a house mouse,an adult human,size,huge,tiny,-3.0,negative,-0.12716679677436882,negative,1.0283606336777749,0.901193836903406,size-v1_2-p0060-a_house_mouse-vs-an_adult_human,1.8971199848858813,-1.041453874828161,-2.938573859714042,negative,2ad82dd50eee1ff6,b12533021c769364,1,9.0,170.0,60 centimeters,60.0
0.08831579427989311,0.08831579427989311,a house mouse,an african elephant,size,huge,tiny,-3.0,negative,-0.08831579427989311,negative,1.0283606336777749,0.9400448393978817,size-v1_2-p0060-a_house_mouse-vs-an_african_elephant,1.8971199848858813,-1.7635885922613588,-3.66070857714724,negative,2ad82dd50eee1ff6,bbbebc6b6ee58820,1,9.0,350.0,60 centimeters,60.0
0.5713635879606032,0.5713635879606032,an african elephant,an ant,size,tiny,huge,3.0,positive,0.5713635879606032,positive,0.9400448393978817,1.511408427358485,size-v1_2-p0060-an_african_elephant-vs-an_ant,-1.7635885922613588,4.0943445622221,5.857933154483459,positive,bbbebc6b6ee58820,616aa344a5f1b53c,1,350.0,1.0,60 centimeters,60.0
0.23747671515573132,0.23747671515573132,an ant,a domestic cat,size,huge,large,-1.0,negative,-0.23747671515573132,negative,1.511408427358485,1.2739317122027536,size-v1_2-p0060-an_ant-vs-a_domestic_cat,4.0943445622221,0.2657031657330057,-3.8286413964890946,negative,616aa344a5f1b53c,6057f8684ffff508,1,1.0,46.0,60 centimeters,60.0
0.6102145904550789,0.6102145904550789,an ant,an adult human,size,huge,tiny,-3.0,negative,-0.6102145904550789,negative,1.511408427358485,0.901193836903406,size-v1_2-p0060-an_ant-vs-an_adult_human,4.0943445622221,-1.041453874828161,-5.135798437050261,negative,616aa344a5f1b53c,b12533021c769364,1,1.0,170.0,60 centimeters,60.0
0.09686784022965123,0.09686784022965123,a domestic cat,a house mouse,size,large,huge,1.0,positive,0.09686784022965123,positive,1.355363607694283,1.4522314479239342,size-v1_2-p0090-a_domestic_cat-vs-a_house_mouse,0.6711682738411701,2.302585092994046,1.631416819152876,positive,4ae9e412ecf7cbc3,ec5bac0c404857fe,1,46.0,9.0,90 centimeters,90.0
0.11585630659404877,0.11585630659404877,a domestic cat,an ant,size,large,huge,1.0,positive,0.11585630659404877,positive,1.355363607694283,1.4712199142883318,size-v1_2-p0090-a_domestic_cat-vs-an_ant,0.6711682738411701,4.499809670330265,3.828641396489095,positive,4ae9e412ecf7cbc3,8343cc3e0f0553fe,1,46.0,1.0,90 centimeters,90.0
0.00916389274910756,-0.00916389274910756,a labrador dog,a house mouse,size,large,huge,1.0,positive,-0.00916389274910756,negative,1.4613953406730418,1.4522314479239342,size-v1_2-p0090-a_labrador_dog-vs-a_house_mouse,0.4054651081081644,2.302585092994046,1.8971199848858815,positive,daf90ddf4d8af7e3,ec5bac0c404857fe,0,60.0,9.0,90 centimeters,90.0
0.4703572774600815,0.4703572774600815,a labrador dog,an african elephant,size,large,tiny,-2.0,negative,-0.4703572774600815,negative,1.4613953406730418,0.9910380632129603,size-v1_2-p0090-a_labrador_dog-vs-an_african_elephant,0.4054651081081644,-1.3581234841531944,-1.7635885922613588,negative,daf90ddf4d8af7e3,a357adfe55d95a72,1,60.0,350.0,90 centimeters,90.0
0.38319361939877716,0.38319361939877716,an adult human,a domestic cat,size,small,large,1.0,positive,0.38319361939877716,positive,0.9721699882955058,1.355363607694283,size-v1_2-p0090-an_adult_human-vs-a_domestic_cat,-0.6359887667199967,0.6711682738411701,1.3071570405611668,positive,f4e73aa4c209f9df,4ae9e412ecf7cbc3,1,170.0,46.0,90 centimeters,90.0
0.4800614596284284,0.4800614596284284,an adult human,a house mouse,size,small,huge,2.0,positive,0.4800614596284284,positive,0.9721699882955058,1.4522314479239342,size-v1_2-p0090-an_adult_human-vs-a_house_mouse,-0.6359887667199967,2.302585092994046,2.9385738597140425,positive,f4e73aa4c209f9df,ec5bac0c404857fe,1,170.0,9.0,90 centimeters,90.0
0.48922535237753595,0.48922535237753595,an adult human,a labrador dog,size,small,large,1.0,positive,0.48922535237753595,positive,0.9721699882955058,1.4613953406730418,size-v1_2-p0090-an_adult_human-vs-a_labrador_dog,-0.6359887667199967,0.4054651081081644,1.0414538748281612,positive,f4e73aa4c209f9df,daf90ddf4d8af7e3,1,170.0,60.0,90 centimeters,90.0
0.018868074917454458,-0.018868074917454458,an adult human,an african elephant,size,small,tiny,-1.0,negative,0.018868074917454458,positive,0.9721699882955058,0.9910380632129603,size-v1_2-p0090-an_adult_human-vs-an_african_elephant,-0.6359887667199967,-1.3581234841531944,-0.7221347174331977,negative,f4e73aa4c209f9df,a357adfe55d95a72,0,170.0,350.0,90 centimeters,90.0
0.3643255444813227,0.3643255444813227,an african elephant,a domestic cat,size,tiny,large,2.0,positive,0.3643255444813227,positive,0.9910380632129603,1.355363607694283,size-v1_2-p0090-an_african_elephant-vs-a_domestic_cat,-1.3581234841531944,0.6711682738411701,2.0292917579943643,positive,a357adfe55d95a72,4ae9e412ecf7cbc3,1,350.0,46.0,90 centimeters,90.0
0.46119338471097393,0.46119338471097393,an african elephant,a house mouse,size,tiny,huge,3.0,positive,0.46119338471097393,positive,0.9910380632129603,1.4522314479239342,size-v1_2-p0090-an_african_elephant-vs-a_house_mouse,-1.3581234841531944,2.302585092994046,3.6607085771472403,positive,a357adfe55d95a72,ec5bac0c404857fe,1,350.0,9.0,90 centimeters,90.0
0.009824573615289989,0.009824573615289989,an ant,a labrador dog,size,huge,large,-1.0,negative,-0.009824573615289989,negative,1.4712199142883318,1.4613953406730418,size-v1_2-p0090-an_ant-vs-a_labrador_dog,4.499809670330265,0.4054651081081644,-4.0943445622221,negative,8343cc3e0f0553fe,daf90ddf4d8af7e3,1,1.0,60.0,90 centimeters,90.0
0.49904992599282594,0.49904992599282594,an ant,an adult human,size,huge,small,-2.0,negative,-0.49904992599282594,negative,1.4712199142883318,0.9721699882955058,size-v1_2-p0090-an_ant-vs-an_adult_human,4.499809670330265,-0.6359887667199967,-5.135798437050262,negative,8343cc3e0f0553fe,f4e73aa4c209f9df,1,1.0,170.0,90 centimeters,90.0
0.4801818510753715,0.4801818510753715,an ant,an african elephant,size,huge,tiny,-3.0,negative,-0.4801818510753715,negative,1.4712199142883318,0.9910380632129603,size-v1_2-p0090-an_ant-vs-an_african_elephant,4.499809670330265,-1.3581234841531944,-5.85793315448346,negative,8343cc3e0f0553fe,a357adfe55d95a72,1,1.0,350.0,90 centimeters,90.0
0.20481616174142947,0.20481616174142947,a domestic cat,an african elephant,size,huge,tiny,-3.0,negative,-0.20481616174142947,negative,1.1815324333440573,0.9767162716026279,size-v1_2-p0130-a_domestic_cat-vs-an_african_elephant,1.0388930539664876,-0.9903987040278769,-2.0292917579943643,negative,bac905792b52a63a,7460d318662cf893,1,46.0,350.0,130 centimeters,130.0
0.18653504518544373,0.18653504518544373,a house mouse,an african elephant,size,huge,tiny,-3.0,negative,-0.18653504518544373,negative,1.1632513167880716,0.9767162716026279,size-v1_2-p0130-a_house_mouse-vs-an_african_elephant,2.670309873119363,-0.9903987040278769,-3.66070857714724,negative,10e4f3bd8c1b29a5,7460d318662cf893,1,9.0,350.0,130 centimeters,130.0
0.4256643418224042,0.4256643418224042,a labrador dog,an african elephant,size,huge,tiny,-3.0,negative,-0.4256643418224042,negative,1.402380613425032,0.9767162716026279,size-v1_2-p0130-a_labrador_dog-vs-an_african_elephant,0.7731898882334817,-0.9903987040278769,-1.7635885922613586,negative,d3338b0d2e0da19d,7460d318662cf893,1,60.0,350.0,130 centimeters,130.0
0.22929063094799718,0.22929063094799718,an adult human,a domestic cat,size,small,huge,2.0,positive,0.22929063094799718,positive,0.9522418023960602,1.1815324333440573,size-v1_2-p0130-an_adult_human-vs-a_domestic_cat,-0.2682639865946794,1.0388930539664876,1.307157040561167,positive,0d6d39962388ca04,bac905792b52a63a,1,170.0,46.0,130 centimeters,130.0
0.21100951439201143,0.21100951439201143,an adult human,a house mouse,size,small,huge,2.0,positive,0.21100951439201143,positive,0.9522418023960602,1.1632513167880716,size-v1_2-p0130-an_adult_human-vs-a_house_mouse,-0.2682639865946794,2.670309873119363,2.9385738597140425,positive,0d6d39962388ca04,10e4f3bd8c1b29a5,1,170.0,9.0,130 centimeters,130.0
0.4501388110289719,0.4501388110289719,an adult human,a labrador dog,size,small,huge,2.0,positive,0.4501388110289719,positive,0.9522418023960602,1.402380613425032,size-v1_2-p0130-an_adult_human-vs-a_labrador_dog,-0.2682639865946794,0.7731898882334817,1.0414538748281612,positive,0d6d39962388ca04,d3338b0d2e0da19d,1,170.0,60.0,130 centimeters,130.0
0.024474469206567706,-0.024474469206567706,an adult human,an african elephant,size,small,tiny,-1.0,negative,0.024474469206567706,positive,0.9522418023960602,0.9767162716026279,size-v1_2-p0130-an_adult_human-vs-an_african_elephant,-0.2682639865946794,-0.9903987040278769,-0.7221347174331975,negative,0d6d39962388ca04,7460d318662cf893,0,170.0,350.0,130 centimeters,130.0
0.26412626808733397,0.26412626808733397,an adult human,an ant,size,small,huge,2.0,positive,0.26412626808733397,positive,0.9522418023960602,1.2163680704833941,size-v1_2-p0130-an_adult_human-vs-an_ant,-0.2682639865946794,4.867534450455582,5.135798437050262,positive,0d6d39962388ca04,2f12c0993180b6a1,1,170.0,1.0,130 centimeters,130.0
0.23965179888076626,0.23965179888076626,an ant,an african elephant,size,huge,tiny,-3.0,negative,-0.23965179888076626,negative,1.2163680704833941,0.9767162716026279,size-v1_2-p0130-an_ant-vs-an_african_elephant,4.867534450455582,-0.9903987040278769,-5.857933154483459,negative,2f12c0993180b6a1,7460d318662cf893,1,1.0,350.0,130 centimeters,130.0
0.2065248077269407,0.2065248077269407,a house mouse,an african elephant,size,huge,small,-2.0,negative,-0.2065248077269407,negative,1.192788633624496,0.9862638258975552,size-v1_2-p0200-a_house_mouse-vs-an_african_elephant,3.101092789211817,-0.5596157879354228,-3.66070857714724,negative,cb1a21be8bd45467,c0a2f97de88ceae7,1,9.0,350.0,200 centimeters,200.0
0.38258649179445803,0.38258649179445803,a labrador dog,an african elephant,size,huge,small,-2.0,negative,-0.38258649179445803,negative,1.3688503176920133,0.9862638258975552,size-v1_2-p0200-a_labrador_dog-vs-an_african_elephant,1.2039728043259361,-0.5596157879354228,-1.763588592261359,negative,e545be723dba61af,c0a2f97de88ceae7,1,60.0,350.0,200 centimeters,200.0
0.024382933546216234,0.024382933546216234,an adult human,a domestic cat,size,large,huge,1.0,positive,0.024382933546216234,positive,1.1954729696233042,1.2198559031695204,size-v1_2-p0200-an_adult_human-vs-a_domestic_cat,0.16251892949777494,1.4696759700589417,1.3071570405611668,positive,cce8710fbf976cde,3ac9e831318255c0,1,170.0,46.0,200 centimeters,200.0
0.0026843359988082405,-0.0026843359988082405,an adult human,a house mouse,size,large,huge,1.0,positive,-0.0026843359988082405,negative,1.1954729696233042,1.192788633624496,size-v1_2-p0200-an_adult_human-vs-a_house_mouse,0.16251892949777494,3.101092789211817,2.938573859714042,positive,cce8710fbf976cde,cb1a21be8bd45467,0,170.0,9.0,200 centimeters,200.0
0.17337734806870908,0.17337734806870908,an adult human,a labrador dog,size,large,huge,1.0,positive,0.17337734806870908,positive,1.1954729696233042,1.3688503176920133,size-v1_2-p0200-an_adult_human-vs-a_labrador_dog,0.16251892949777494,1.2039728043259361,1.0414538748281612,positive,cce8710fbf976cde,e545be723dba61af,1,170.0,60.0,200 centimeters,200.0
0.2996095694889964,0.2996095694889964,an adult human,an ant,size,large,huge,1.0,positive,0.2996095694889964,positive,1.1954729696233042,1.4950825391123006,size-v1_2-p0200-an_adult_human-vs-an_ant,0.16251892949777494,5.298317366548036,5.135798437050261,positive,cce8710fbf976cde,93b397ad658d3f23,1,170.0,1.0,200 centimeters,200.0
0.23359207727196518,0.23359207727196518,an african elephant,a domestic cat,size,small,huge,2.0,positive,0.23359207727196518,positive,0.9862638258975552,1.2198559031695204,size-v1_2-p0200-an_african_elephant-vs-a_domestic_cat,-0.5596157879354228,1.4696759700589417,2.0292917579943643,positive,c0a2f97de88ceae7,3ac9e831318255c0,1,350.0,46.0,200 centimeters,200.0
0.20920914372574895,0.20920914372574895,an african elephant,an adult human,size,small,large,1.0,positive,0.20920914372574895,positive,0.9862638258975552,1.1954729696233042,size-v1_2-p0200-an_african_elephant-vs-an_adult_human,-0.5596157879354228,0.16251892949777494,0.7221347174331977,positive,c0a2f97de88ceae7,cce8710fbf976cde,1,350.0,170.0,200 centimeters,200.0
0.5088187132147454,0.5088187132147454,an ant,an african elephant,size,huge,small,-2.0,negative,-0.5088187132147454,negative,1.4950825391123006,0.9862638258975552,size-v1_2-p0200-an_ant-vs-an_african_elephant,5.298317366548036,-0.5596157879354228,-5.857933154483459,negative,93b397ad658d3f23,c0a2f97de88ceae7,1,1.0,350.0,200 centimeters,200.0
0.21322755749996447,-0.21322755749996447,a domestic cat,an adult human,size,huge,large,-1.0,negative,0.21322755749996447,positive,1.0941560805895718,1.3073836380895363,size-v1_2-p0320-a_domestic_cat-vs-an_adult_human,1.9396795993046771,0.6325225587435105,-1.3071570405611665,negative,aa5c5a5a6e6647c5,c96090a6e8905deb,0,46.0,170.0,320 centimeters,320.0
0.08500146923554719,-0.08500146923554719,a house mouse,an adult human,size,huge,large,-1.0,negative,0.08500146923554719,positive,1.222382168853989,1.3073836380895363,size-v1_2-p0320-a_house_mouse-vs-an_adult_human,3.571096418457553,0.6325225587435105,-2.9385738597140425,negative,b6ab44ef7ed17cff,c96090a6e8905deb,0,9.0,170.0,320 centimeters,320.0
0.03765843010375569,0.03765843010375569,a labrador dog,an adult human,size,huge,large,-1.0,negative,-0.03765843010375569,negative,1.345042068193292,1.3073836380895363,size-v1_2-p0320-a_labrador_dog-vs-an_adult_human,1.6739764335716716,0.6325225587435105,-1.0414538748281612,negative,2fde299e5d021db4,c96090a6e8905deb,1,60.0,170.0,320 centimeters,320.0
0.15976263696034088,0.15976263696034088,an adult human,an ant,size,large,huge,1.0,positive,0.15976263696034088,positive,1.3073836380895363,1.4671462750498772,size-v1_2-p0320-an_adult_human-vs-an_ant,0.6325225587435105,5.768320995793772,5.135798437050261,positive,c96090a6e8905deb,5713c6e6c41fda9b,1,170.0,1.0,320 centimeters,320.0
0.6214184664128617,-0.6214184664128617,a house mouse,an african elephant,size,huge,large,-1.0,negative,0.6214184664128617,positive,1.0319132320311504,1.653331698444012,size-v1_2-p0500-a_house_mouse-vs-an_african_elephant,4.017383521085972,0.3566749439387324,-3.66070857714724,negative,095f818a0be7f3bf,82c18c0586714c09,0,9.0,350.0,500 centimeters,500.0
0.5679131380477616,-0.5679131380477616,an adult human,an african elephant,size,huge,large,-1.0,negative,0.5679131380477616,positive,1.0854185603962505,1.653331698444012,size-v1_2-p0500-an_adult_human-vs-an_african_elephant,1.07880966137193,0.3566749439387324,-0.7221347174331976,negative,85356eb0b6532684,82c18c0586714c09,0,170.0,350.0,500 centimeters,500.0
0.5681334054870752,-0.5681334054870752,an african elephant,a domestic cat,size,large,huge,1.0,positive,-0.5681334054870752,negative,1.653331698444012,1.0851982929569368,size-v1_2-p0500-an_african_elephant-vs-a_domestic_cat,0.3566749439387324,2.385966701933097,2.0292917579943643,positive,82c18c0586714c09,9830c9210bc84e0a,0,350.0,46.0,500 centimeters,500.0
0.6081571793593512,-0.6081571793593512,an african elephant,a labrador dog,size,large,huge,1.0,positive,-0.6081571793593512,negative,1.653331698444012,1.0451745190846609,size-v1_2-p0500-an_african_elephant-vs-a_labrador_dog,0.3566749439387324,2.120263536200091,1.7635885922613586,positive,82c18c0586714c09,41162c8f9a524851,0,350.0,60.0,500 centimeters,500.0
0.2452290288117709,-0.2452290288117709,an ant,an african elephant,size,huge,large,-1.0,negative,0.2452290288117709,positive,1.4081026696322412,1.653331698444012,size-v1_2-p0500-an_ant-vs-an_african_elephant,6.214608098422191,0.3566749439387324,-5.857933154483459,negative,71529be162ecfda4,82c18c0586714c09,0,1.0,350.0,500 centimeters,500.0
0.9127803674226496,0.9127803674226496,a bowhead whale,a domestic mouse,age,young,old,3.0,positive,0.9127803674226496,positive,1.9072151019162982,2.8199954693389477,age-v1_2-p0003-a_bowhead_whale-vs-a_domestic_mouse,-4.199705077879927,0.4054651081081644,4.605170185988092,positive,5950f5d517488f0e,fac9249841b8a08e,1,200.0,2.0,3 years,3.0
0.6365975674893944,0.6365975674893944,a domestic dog,a bowhead whale,age,youthful,young,-1.0,negative,-0.6365975674893944,negative,2.5438126694056926,1.9072151019162982,age-v1_2-p0003-a_domestic_dog-vs-a_bowhead_whale,-1.3862943611198906,-4.199705077879927,-2.8134107167600364,negative,9e90f8ec4cee2b63,5950f5d517488f0e,1,12.0,200.0,3 years,3.0
0.2761827999332551,0.2761827999332551,a domestic dog,a domestic mouse,age,youthful,old,2.0,positive,0.2761827999332551,positive,2.5438126694056926,2.8199954693389477,age-v1_2-p0003-a_domestic_dog-vs-a_domestic_mouse,-1.3862943611198906,0.4054651081081644,1.791759469228055,positive,9e90f8ec4cee2b63,fac9249841b8a08e,1,12.0,2.0,3 years,3.0
0.6306336065495768,0.6306336065495768,a domestic mouse,a human,age,old,young,-3.0,negative,-0.6306336065495768,negative,2.8199954693389477,2.189361862789371,age-v1_2-p0003-a_domestic_mouse-vs-a_human,0.4054651081081644,-3.283414346005772,-3.6888794541139367,negative,fac9249841b8a08e,fe81e6860002979f,1,2.0,80.0,3 years,3.0
0.10571861735756949,0.10571861735756949,a galapagos tortoise,a domestic dog,age,young,youthful,1.0,positive,0.10571861735756949,positive,2.438094052048123,2.5438126694056926,age-v1_2-p0003-a_galapagos_tortoise-vs-a_domestic_dog,-3.912023005428146,-1.3862943611198906,2.5257286443082556,positive,6be709a2222e3810,9e90f8ec4cee2b63,1,150.0,12.0,3 years,3.0
0.3819014172908246,0.3819014172908246,a galapagos tortoise,a domestic mouse,age,young,old,3.0,positive,0.3819014172908246,positive,2.438094052048123,2.8199954693389477,age-v1_2-p0003-a_galapagos_tortoise-vs-a_domestic_mouse,-3.912023005428146,0.4054651081081644,4.31748811353631,positive,6be709a2222e3810,fac9249841b8a08e,1,150.0,2.0,3 years,3.0
0.5072955293556833,0.5072955293556833,a horse,a domestic dog,age,young,youthful,1.0,positive,0.5072955293556833,positive,2.0365171400500093,2.5438126694056926,age-v1_2-p0003-a_horse-vs-a_domestic_dog,-2.2335922215070942,-1.3862943611198906,0.8472978603872037,positive,bc8e035b5cc4876b,9e90f8ec4cee2b63,1,28.0,12.0,3 years,3.0
0.7834783292889385,0.7834783292889385,a horse,a domestic mouse,age,young,old,3.0,positive,0.7834783292889385,positive,2.0365171400500093,2.8199954693389477,age-v1_2-p0003-a_horse-vs-a_domestic_mouse,-2.2335922215070942,0.4054651081081644,2.639057329615259,positive,bc8e035b5cc4876b,fac9249841b8a08e,1,28.0,2.0,3 years,3.0
0.35445080661632167,0.35445080661632167,a human,a domestic dog,age,young,youthful,1.0,positive,0.35445080661632167,positive,2.189361862789371,2.5438126694056926,age-v1_2-p0003-a_human-vs-a_domestic_dog,-3.283414346005772,-1.3862943611198906,1.8971199848858815,positive,fe81e6860002979f,9e90f8ec4cee2b63,1,80.0,12.0,3 years,3.0
1.0618527908965112,1.0618527908965112,a bowhead whale,a domestic mouse,age,young,old,3.0,positive,1.0618527908965112,positive,1.6116268670578535,2.6734796579543647,age-v1_2-p0006-a_bowhead_whale-vs-a_domestic_mouse,-3.506557897319982,1.0986122886681098,4.605170185988092,positive,0dbb2c86f395e5f1,b180259cd0b359cf,1,200.0,2.0,6 years,6.0
0.17955099088094584,0.17955099088094584,a bowhead whale,a horse,age,young,youthful,1.0,positive,0.17955099088094584,positive,1.6116268670578535,1.7911778579387994,age-v1_2-p0006-a_bowhead_whale-vs-a_horse,-3.506557897319982,-1.540445040947149,1.9661128563728327,positive,0dbb2c86f395e5f1,8859fdbc98c7eed4,1,200.0,28.0,6 years,6.0
0.48006069541463336,0.48006069541463336,a domestic mouse,a galapagos tortoise,age,old,young,-3.0,negative,-0.48006069541463336,negative,2.6734796579543647,2.1934189625397313,age-v1_2-p0006-a_domestic_mouse-vs-a_galapagos_tortoise,1.0986122886681098,-3.2188758248682006,-4.31748811353631,negative,b180259cd0b359cf,cb28b78e9f328b2b,1,2.0,150.0,6 years,6.0
0.9241325790497925,0.9241325790497925,a domestic mouse,a human,age,old,young,-3.0,negative,-0.9241325790497925,negative,2.6734796579543647,1.7493470789045722,age-v1_2-p0006-a_domestic_mouse-vs-a_human,1.0986122886681098,-2.5902671654458267,-3.6888794541139367,negative,b180259cd0b359cf,71f72d3b6731562c,1,2.0,80.0,6 years,6.0
0.8823018000155654,0.8823018000155654,a horse,a domestic mouse,age,youthful,old,2.0,positive,0.8823018000155654,positive,1.7911778579387994,2.6734796579543647,age-v1_2-p0006-a_horse-vs-a_domestic_mouse,-1.540445040947149,1.0986122886681098,2.639057329615259,positive,8859fdbc98c7eed4,b180259cd0b359cf,1,28.0,2.0,6 years,6.0
0.402241104600932,-0.402241104600932,a horse,a galapagos tortoise,age,youthful,young,-1.0,negative,0.402241104600932,positive,1.7911778579387994,2.1934189625397313,age-v1_2-p0006-a_horse-vs-a_galapagos_tortoise,-1.540445040947149,-3.2188758248682006,-1.6784307839210515,negative,8859fdbc98c7eed4,cb28b78e9f328b2b,0,28.0,150.0,6 years,6.0
0.04183077903422716,0.04183077903422716,a human,a horse,age,young,youthful,1.0,positive,0.04183077903422716,positive,1.7493470789045722,1.7911778579387994,age-v1_2-p0006-a_human-vs-a_horse,-2.5902671654458267,-1.540445040947149,1.0498221244986776,positive,71f72d3b6731562c,8859fdbc98c7eed4,1,80.0,28.0,6 years,6.0
1.1417748996722763,1.1417748996722763,a bowhead whale,a domestic dog,age,young,mature,2.0,positive,1.1417748996722763,positive,1.5921394214615867,2.733914321133863,age-v1_2-p0010-a_bowhead_whale-vs-a_domestic_dog,-2.995732273553991,-0.1823215567939546,2.8134107167600364,positive,84d25071082c31ea,1707889c8bf3355b,1,200.0,12.0,10 years,10.0
1.2662215528945386,1.2662215528945386,a bowhead whale,a domestic mouse,age,young,old,3.0,positive,1.2662215528945386,positive,1.5921394214615867,2.8583609743561254,age-v1_2-p0010-a_bowhead_whale-vs-a_domestic_mouse,-2.995732273553991,1.6094379124341003,4.605170185988091,positive,84d25071082c31ea,859f04694385a79d,1,200.0,2.0,10 years,10.0
0.824834820361602,0.824834820361602,a bowhead whale,a horse,age,young,youthful,1.0,positive,0.824834820361602,positive,1.5921394214615867,2.4169742418231888,age-v1_2-p0010-a_bowhead_whale-vs-a_horse,-2.995732273553991,-1.0296194171811581,1.9661128563728327,positive,84d25071082c31ea,6a80afd47f769eda,1,200.0,28.0,10 years,10.0
0.12444665322226234,0.12444665322226234,a domestic mouse,a domestic dog,age,old,mature,-1.0,negative,-0.12444665322226234,negative,2.8583609743561254,2.733914321133863,age-v1_2-p0010-a_domestic_mouse-vs-a_domestic_dog,1.6094379124341003,-0.1823215567939546,-1.791759469228055,negative,859f04694385a79d,1707889c8bf3355b,1,2.0,12.0,10 years,10.0
0.6806285376861849,0.6806285376861849,a domestic mouse,a galapagos tortoise,age,old,young,-3.0,negative,-0.6806285376861849,negative,2.8583609743561254,2.1777324366699404,age-v1_2-p0010-a_domestic_mouse-vs-a_galapagos_tortoise,1.6094379124341003,-2.70805020110221,-4.31748811353631,negative,859f04694385a79d,98f7b1a0681e9060,1,2.0,150.0,10 years,10.0
0.5429956663619726,0.5429956663619726,a domestic mouse,a human,age,old,young,-3.0,negative,-0.5429956663619726,negative,2.8583609743561254,2.3153653079941527,age-v1_2-p0010-a_domestic_mouse-vs-a_human,1.6094379124341003,-2.0794415416798357,-3.688879454113936,negative,859f04694385a79d,7b51de71363c623a,1,2.0,80.0,10 years,10.0
0.5561818844639226,0.5561818844639226,a galapagos tortoise,a domestic dog,age,young,mature,2.0,positive,0.5561818844639226,positive,2.1777324366699404,2.733914321133863,age-v1_2-p0010-a_galapagos_tortoise-vs-a_domestic_dog,-2.70805020110221,-0.1823215567939546,2.5257286443082556,positive,98f7b1a0681e9060,1707889c8bf3355b,1,150.0,12.0,10 years,10.0
0.31694007931067425,0.31694007931067425,a horse,a domestic dog,age,youthful,mature,1.0,positive,0.31694007931067425,positive,2.4169742418231888,2.733914321133863,age-v1_2-p0010-a_horse-vs-a_domestic_dog,-1.0296194171811581,-0.1823215567939546,0.8472978603872036,positive,6a80afd47f769eda,1707889c8bf3355b,1,28.0,12.0,10 years,10.0
0.4413867325329366,0.4413867325329366,a horse,a domestic mouse,age,youthful,old,2.0,positive,0.4413867325329366,positive,2.4169742418231888,2.8583609743561254,age-v1_2-p0010-a_horse-vs-a_domestic_mouse,-1.0296194171811581,1.6094379124341003,2.6390573296152584,positive,6a80afd47f769eda,859f04694385a79d,1,28.0,2.0,10 years,10.0
0.23924180515324833,0.23924180515324833,a horse,a galapagos tortoise,age,youthful,young,-1.0,negative,-0.23924180515324833,negative,2.4169742418231888,2.1777324366699404,age-v1_2-p0010-a_horse-vs-a_galapagos_tortoise,-1.0296194171811581,-2.70805020110221,-1.678430783921052,negative,6a80afd47f769eda,98f7b1a0681e9060,1,28.0,150.0,10 years,10.0
0.10160893382903602,0.10160893382903602,a horse,a human,age,youthful,young,-1.0,negative,-0.10160893382903602,negative,2.4169742418231888,2.3153653079941527,age-v1_2-p0010-a_horse-vs-a_human,-1.0296194171811581,-2.0794415416798357,-1.0498221244986776,negative,6a80afd47f769eda,7b51de71363c623a,1,28.0,80.0,10 years,10.0
0.41854901313971027,0.41854901313971027,a human,a domestic dog,age,young,mature,2.0,positive,0.41854901313971027,positive,2.3153653079941527,2.733914321133863,age-v1_2-p0010-a_human-vs-a_domestic_dog,-2.0794415416798357,-0.1823215567939546,1.897119984885881,positive,7b51de71363c623a,1707889c8bf3355b,1,80.0,12.0,10 years,10.0
0.9254232270130891,0.9254232270130891,a bowhead whale,a domestic dog,age,young,old,3.0,positive,0.9254232270130891,positive,1.8167998576807731,2.7422230846938622,age-v1_2-p0018-a_bowhead_whale-vs-a_domestic_dog,-2.4079456086518722,0.4054651081081644,2.8134107167600364,positive,7feb58a10a0ff516,40ac1cc0faf6015d,1,200.0,12.0,18 years,18.0
0.8807990918088153,0.8807990918088153,a bowhead whale,a domestic mouse,age,young,old,3.0,positive,0.8807990918088153,positive,1.8167998576807731,2.6975989494895884,age-v1_2-p0018-a_bowhead_whale-vs-a_domestic_mouse,-2.4079456086518722,2.1972245773362196,4.605170185988092,positive,7feb58a10a0ff516,b3e2fca1f8d6eb54,1,200.0,2.0,18 years,18.0
0.673185832504013,0.673185832504013,a bowhead whale,a horse,age,young,mature,2.0,positive,0.673185832504013,positive,1.8167998576807731,2.489985690184786,age-v1_2-p0018-a_bowhead_whale-vs-a_horse,-2.4079456086518722,-0.4418327522790392,1.966112856372833,positive,7feb58a10a0ff516,3846496e32f8f079,1,200.0,28.0,18 years,18.0
0.06893313780792942,-0.06893313780792942,a bowhead whale,a human,age,young,youthful,1.0,positive,-0.06893313780792942,negative,1.8167998576807731,1.7478667198728437,age-v1_2-p0018-a_bowhead_whale-vs-a_human,-2.4079456086518722,-1.491654876777717,0.9162907318741553,positive,7feb58a10a0ff516,60bb85ab5c6d535d,0,200.0,80.0,18 years,18.0
0.23666839903530335,0.23666839903530335,a domestic dog,a galapagos tortoise,age,old,young,-3.0,negative,-0.23666839903530335,negative,2.7422230846938622,2.505554685658559,age-v1_2-p0018-a_domestic_dog-vs-a_galapagos_tortoise,0.4054651081081644,-2.120263536200091,-2.5257286443082556,negative,40ac1cc0faf6015d,4c2619bb753ceced,1,12.0,150.0,18 years,18.0
0.9943563648210185,0.9943563648210185,a domestic dog,a human,age,old,youthful,-2.0,negative,-0.9943563648210185,negative,2.7422230846938622,1.7478667198728437,age-v1_2-p0018-a_domestic_dog-vs-a_human,0.4054651081081644,-1.491654876777717,-1.8971199848858813,negative,40ac1cc0faf6015d,60bb85ab5c6d535d,1,12.0,80.0,18 years,18.0
0.19204426383102957,0.19204426383102957,a galapagos tortoise,a domestic mouse,age,young,old,3.0,positive,0.19204426383102957,positive,2.505554685658559,2.6975989494895884,age-v1_2-p0018-a_galapagos_tortoise-vs-a_domestic_mouse,-2.120263536200091,2.1972245773362196,4.31748811353631,positive,4c2619bb753ceced,b3e2fca1f8d6eb54,1,150.0,2.0,18 years,18.0
0.7576879657857152,-0.7576879657857152,a galapagos tortoise,a human,age,young,youthful,1.0,positive,-0.7576879657857152,negative,2.505554685658559,1.7478667198728437,age-v1_2-p0018-a_galapagos_tortoise-vs-a_human,-2.120263536200091,-1.491654876777717,0.6286086594223741,positive,4c2619bb753ceced,60bb85ab5c6d535d,0,150.0,80.0,18 years,18.0
0.2522373945090761,0.2522373945090761,a horse,a domestic dog,age,mature,old,1.0,positive,0.2522373945090761,positive,2.489985690184786,2.7422230846938622,age-v1_2-p0018-a_horse-vs-a_domestic_dog,-0.4418327522790392,0.4054651081081644,0.8472978603872036,positive,3846496e32f8f079,40ac1cc0faf6015d,1,28.0,12.0,18 years,18.0
0.20761325930480234,0.20761325930480234,a horse,a domestic mouse,age,mature,old,1.0,positive,0.20761325930480234,positive,2.489985690184786,2.6975989494895884,age-v1_2-p0018-a_horse-vs-a_domestic_mouse,-0.4418327522790392,2.1972245773362196,2.639057329615259,positive,3846496e32f8f079,b3e2fca1f8d6eb54,1,28.0,2.0,18 years,18.0
0.015568995473772773,-0.015568995473772773,a horse,a galapagos tortoise,age,mature,young,-2.0,negative,0.015568995473772773,positive,2.489985690184786,2.505554685658559,age-v1_2-p0018-a_horse-vs-a_galapagos_tortoise,-0.4418327522790392,-2.120263536200091,-1.6784307839210517,negative,3846496e32f8f079,4c2619bb753ceced,0,28.0,150.0,18 years,18.0
0.7421189703119424,0.7421189703119424,a horse,a human,age,mature,youthful,-1.0,negative,-0.7421189703119424,negative,2.489985690184786,1.7478667198728437,age-v1_2-p0018-a_horse-vs-a_human,-0.4418327522790392,-1.491654876777717,-1.0498221244986778,negative,3846496e32f8f079,60bb85ab5c6d535d,1,28.0,80.0,18 years,18.0
0.9497322296167447,0.9497322296167447,a human,a domestic mouse,age,youthful,old,2.0,positive,0.9497322296167447,positive,1.7478667198728437,2.6975989494895884,age-v1_2-p0018-a_human-vs-a_domestic_mouse,-1.491654876777717,2.1972245773362196,3.6888794541139367,positive,60bb85ab5c6d535d,b3e2fca1f8d6eb54,1,80.0,2.0,18 years,18.0
0.5765417662775949,0.5765417662775949,a bowhead whale,a horse,age,young,old,3.0,positive,0.5765417662775949,positive,2.1363228530535543,2.712864619331149,age-v1_2-p0030-a_bowhead_whale-vs-a_horse,-1.8971199848858813,0.06899287148695142,1.9661128563728327,positive,e928c4141d3e5e71,7240694b0488b2c3,1,200.0,28.0,30 years,30.0
0.6692868840777999,0.6692868840777999,a domestic dog,a bowhead whale,age,old,young,-3.0,negative,-0.6692868840777999,negative,2.805609737131354,2.1363228530535543,age-v1_2-p0030-a_domestic_dog-vs-a_bowhead_whale,0.9162907318741551,-1.8971199848858813,-2.8134107167600364,negative,15644cb5c632bb58,e928c4141d3e5e71,1,12.0,200.0,30 years,30.0
0.2725004481531479,0.2725004481531479,a domestic dog,a galapagos tortoise,age,old,youthful,-2.0,negative,-0.2725004481531479,negative,2.805609737131354,2.5331092889782063,age-v1_2-p0030-a_domestic_dog-vs-a_galapagos_tortoise,0.9162907318741551,-1.6094379124341003,-2.5257286443082556,negative,15644cb5c632bb58,9bfd5114bf7d74bd,1,12.0,150.0,30 years,30.0
0.6584289382784934,0.6584289382784934,a domestic mouse,a bowhead whale,age,old,young,-3.0,negative,-0.6584289382784934,negative,2.7947517913320477,2.1363228530535543,age-v1_2-p0030-a_domestic_mouse-vs-a_bowhead_whale,2.70805020110221,-1.8971199848858813,-4.605170185988092,negative,e5187d8e73f38947,e928c4141d3e5e71,1,2.0,200.0,30 years,30.0
0.26164250235384134,0.26164250235384134,a domestic mouse,a galapagos tortoise,age,old,youthful,-2.0,negative,-0.26164250235384134,negative,2.7947517913320477,2.5331092889782063,age-v1_2-p0030-a_domestic_mouse-vs-a_galapagos_tortoise,2.70805020110221,-1.6094379124341003,-4.31748811353631,negative,e5187d8e73f38947,9bfd5114bf7d74bd,1,2.0,150.0,30 years,30.0
0.7040787358998846,0.7040787358998846,a domestic mouse,a human,age,old,youthful,-2.0,negative,-0.7040787358998846,negative,2.7947517913320477,2.090673055432163,age-v1_2-p0030-a_domestic_mouse-vs-a_human,2.70805020110221,-0.9808292530117262,-3.6888794541139363,negative,e5187d8e73f38947,c5e72cb22784dfb7,1,2.0,80.0,30 years,30.0
0.396786435924652,0.396786435924652,a galapagos tortoise,a bowhead whale,age,youthful,young,-1.0,negative,-0.396786435924652,negative,2.5331092889782063,2.1363228530535543,age-v1_2-p0030-a_galapagos_tortoise-vs-a_bowhead_whale,-1.6094379124341003,-1.8971199848858813,-0.287682072451781,negative,9bfd5114bf7d74bd,e928c4141d3e5e71,1,150.0,200.0,30 years,30.0
0.1797553303529429,0.1797553303529429,a horse,a galapagos tortoise,age,old,youthful,-2.0,negative,-0.1797553303529429,negative,2.712864619331149,2.5331092889782063,age-v1_2-p0030-a_horse-vs-a_galapagos_tortoise,0.06899287148695142,-1.6094379124341003,-1.6784307839210517,negative,7240694b0488b2c3,9bfd5114bf7d74bd,1,28.0,150.0,30 years,30.0
0.6221915638989861,0.6221915638989861,a horse,a human,age,old,youthful,-2.0,negative,-0.6221915638989861,negative,2.712864619331149,2.090673055432163,age-v1_2-p0030-a_horse-vs-a_human,0.06899287148695142,-0.9808292530117262,-1.0498221244986776,negative,7240694b0488b2c3,c5e72cb22784dfb7,1,28.0,80.0,30 years,30.0
0.04564979762139121,-0.04564979762139121,a human,a bowhead whale,age,youthful,young,-1.0,negative,0.04564979762139121,positive,2.090673055432163,2.1363228530535543,age-v1_2-p0030-a_human-vs-a_bowhead_whale,-0.9808292530117262,-1.8971199848858813,-0.9162907318741551,negative,c5e72cb22784dfb7,e928c4141d3e5e71,0,80.0,200.0,30 years,30.0
0.7149366816991911,0.7149366816991911,a human,a domestic dog,age,youthful,old,2.0,positive,0.7149366816991911,positive,2.090673055432163,2.805609737131354,age-v1_2-p0030-a_human-vs-a_domestic_dog,-0.9808292530117262,0.9162907318741551,1.8971199848858813,positive,c5e72cb22784dfb7,15644cb5c632bb58,1,80.0,12.0,30 years,30.0
0.31615929947385224,0.31615929947385224,a bowhead whale,a domestic dog,age,youthful,old,2.0,positive,0.31615929947385224,positive,2.1630045915441207,2.479163891017973,age-v1_2-p0055-a_bowhead_whale-vs-a_domestic_dog,-1.2909841813155656,1.5224265354444706,2.8134107167600364,positive,62f5702a951e0348,fd498316d7a9accc,1,200.0,12.0,55 years,55.0
0.4022634835712462,0.4022634835712462,a domestic dog,a human,age,old,mature,-1.0,negative,-0.4022634835712462,negative,2.479163891017973,2.0769004074467268,age-v1_2-p0055-a_domestic_dog-vs-a_human,1.5224265354444706,-0.3746934494414107,-1.8971199848858813,negative,fd498316d7a9accc,76197177e9f41b40,1,12.0,80.0,55 years,55.0
0.5681049278892423,0.5681049278892423,a domestic mouse,a bowhead whale,age,old,youthful,-2.0,negative,-0.5681049278892423,negative,2.731109519433363,2.1630045915441207,age-v1_2-p0055-a_domestic_mouse-vs-a_bowhead_whale,3.3141860046725258,-1.2909841813155656,-4.605170185988092,negative,d8084753f34355bb,62f5702a951e0348,1,2.0,200.0,55 years,55.0
0.11524929126332362,0.11524929126332362,a domestic mouse,a galapagos tortoise,age,old,youthful,-2.0,negative,-0.11524929126332362,negative,2.731109519433363,2.6158602281700394,age-v1_2-p0055-a_domestic_mouse-vs-a_galapagos_tortoise,3.3141860046725258,-1.0033021088637848,-4.31748811353631,negative,d8084753f34355bb,d02dc97843545f19,1,2.0,150.0,55 years,55.0
0.13669633715206642,-0.13669633715206642,a galapagos tortoise,a domestic dog,age,youthful,old,2.0,positive,-0.13669633715206642,negative,2.6158602281700394,2.479163891017973,age-v1_2-p0055-a_galapagos_tortoise-vs-a_domestic_dog,-1.0033021088637848,1.5224265354444706,2.5257286443082556,positive,d02dc97843545f19,fd498316d7a9accc,0,150.0,12.0,55 years,55.0
0.2406606142565182,0.2406606142565182,a galapagos tortoise,a horse,age,youthful,old,2.0,positive,0.2406606142565182,positive,2.6158602281700394,2.8565208424265576,age-v1_2-p0055-a_galapagos_tortoise-vs-a_horse,-1.0033021088637848,0.6751286750572669,1.6784307839210517,positive,d02dc97843545f19,297f6e28853e778f,1,150.0,28.0,55 years,55.0
0.6935162508824368,0.6935162508824368,a horse,a bowhead whale,age,old,youthful,-2.0,negative,-0.6935162508824368,negative,2.8565208424265576,2.1630045915441207,age-v1_2-p0055-a_horse-vs-a_bowhead_whale,0.6751286750572669,-1.2909841813155656,-1.9661128563728325,negative,297f6e28853e778f,62f5702a951e0348,1,28.0,200.0,55 years,55.0
0.7796204349798308,0.7796204349798308,a horse,a human,age,old,mature,-1.0,negative,-0.7796204349798308,negative,2.8565208424265576,2.0769004074467268,age-v1_2-p0055-a_horse-vs-a_human,0.6751286750572669,-0.3746934494414107,-1.0498221244986776,negative,297f6e28853e778f,76197177e9f41b40,1,28.0,80.0,55 years,55.0
0.08610418409739395,-0.08610418409739395,a human,a bowhead whale,age,mature,youthful,-1.0,negative,0.08610418409739395,positive,2.0769004074467268,2.1630045915441207,age-v1_2-p0055-a_human-vs-a_bowhead_whale,-0.3746934494414107,-1.2909841813155656,-0.9162907318741549,negative,76197177e9f41b40,62f5702a951e0348,0,80.0,200.0,55 years,55.0
0.6542091119866362,0.6542091119866362,a human,a domestic mouse,age,mature,old,1.0,positive,0.6542091119866362,positive,2.0769004074467268,2.731109519433363,age-v1_2-p0055-a_human-vs-a_domestic_mouse,-0.3746934494414107,3.3141860046725258,3.6888794541139367,positive,76197177e9f41b40,d8084753f34355bb,1,80.0,2.0,55 years,55.0
0.5389598207233126,-0.5389598207233126,a human,a galapagos tortoise,age,mature,youthful,-1.0,negative,0.5389598207233126,positive,2.0769004074467268,2.6158602281700394,age-v1_2-p0055-a_human-vs-a_galapagos_tortoise,-0.3746934494414107,-1.0033021088637848,-0.6286086594223741,negative,76197177e9f41b40,d02dc97843545f19,0,80.0,150.0,55 years,55.0
1.1807076800386098,-1.1807076800386098,a domestic dog,a galapagos tortoise,age,old,mature,-1.0,negative,1.1807076800386098,positive,1.5314875146586244,2.7121951946972342,age-v1_2-p0090-a_domestic_dog-vs-a_galapagos_tortoise,2.0149030205422647,-0.5108256237659907,-2.5257286443082556,negative,12a7b5bfcf2b1de7,3a555710238dcbd2,0,12.0,150.0,90 years,90.0
0.03557375215674119,0.03557375215674119,a galapagos tortoise,a domestic mouse,age,mature,old,1.0,positive,0.03557375215674119,positive,2.7121951946972342,2.7477689468539754,age-v1_2-p0090-a_galapagos_tortoise-vs-a_domestic_mouse,-0.5108256237659907,3.8066624897703196,4.31748811353631,positive,3a555710238dcbd2,293d4f0cba28c807,1,150.0,2.0,90 years,90.0
0.0048344587656159455,0.0048344587656159455,a galapagos tortoise,a human,age,mature,old,1.0,positive,0.0048344587656159455,positive,2.7121951946972342,2.71702965346285,age-v1_2-p0090-a_galapagos_tortoise-vs-a_human,-0.5108256237659907,0.11778303565638346,0.6286086594223742,positive,3a555710238dcbd2,bc2869f81a40eea6,1,150.0,80.0,90 years,90.0
0.08032823805924894,0.08032823805924894,a horse,a galapagos tortoise,age,old,mature,-1.0,negative,-0.08032823805924894,negative,2.792523432756483,2.7121951946972342,age-v1_2-p0090-a_horse-vs-a_galapagos_tortoise,1.1676051601550612,-0.5108256237659907,-1.678430783921052,negative,f97b5669617d6564,3a555710238dcbd2,1,28.0,150.0,90 years,90.0
0.24275318674247082,0.24275318674247082,a bowhead whale,a domestic dog,age,mature,old,1.0,positive,0.24275318674247082,positive,2.6171159873078715,2.8598691740503424,age-v1_2-p0130-a_bowhead_whale-vs-a_domestic_dog,-0.4307829160924542,2.3826278006675823,2.8134107167600364,positive,34056e0f221edbbe,7a57df7dda0c9579,1,200.0,12.0,130 years,130.0
0.2918463103542126,0.2918463103542126,a domestic mouse,a bowhead whale,age,old,mature,-1.0,negative,-0.2918463103542126,negative,2.908962297662084,2.6171159873078715,age-v1_2-p0130-a_domestic_mouse-vs-a_bowhead_whale,4.174387269895637,-0.4307829160924542,-4.605170185988091,negative,d2e37cb02c76d552,34056e0f221edbbe,1,2.0,200.0,130 years,130.0
0.021585796061829754,-0.021585796061829754,a galapagos tortoise,a bowhead whale,age,old,mature,-1.0,negative,0.021585796061829754,positive,2.595530191246042,2.6171159873078715,age-v1_2-p0130-a_galapagos_tortoise-vs-a_bowhead_whale,-0.1431008436406733,-0.4307829160924542,-0.2876820724517809,negative,577309bf5efe044a,34056e0f221edbbe,0,150.0,200.0,130 years,130.0
0.23318834483877549,0.23318834483877549,a horse,a bowhead whale,age,old,mature,-1.0,negative,-0.23318834483877549,negative,2.850304332146647,2.6171159873078715,age-v1_2-p0130-a_horse-vs-a_bowhead_whale,1.5353299402803786,-0.4307829160924542,-1.966112856372833,negative,ef9b645d6d986a53,34056e0f221edbbe,1,28.0,200.0,130 years,130.0
0.20147036319052614,0.20147036319052614,a human,a bowhead whale,age,old,mature,-1.0,negative,-0.20147036319052614,negative,2.8185863504983977,2.6171159873078715,age-v1_2-p0130-a_human-vs-a_bowhead_whale,0.4855078157817008,-0.4307829160924542,-0.9162907318741551,negative,75c09232e8389998,34056e0f221edbbe,1,80.0,200.0,130 years,130.0
